2025-04-04T18:05:37.699Z - INFO: Starting Nest application...
2025-04-04T18:05:37.732Z - INFO: TypeOrmModule dependencies initialized
2025-04-04T18:05:37.732Z - INFO: MulterModule dependencies initialized
2025-04-04T18:05:37.733Z - INFO: ConfigHostModule dependencies initialized
2025-04-04T18:05:37.734Z - INFO: NewsletterModule dependencies initialized
2025-04-04T18:05:37.734Z - INFO: BookingsTransactionsModule dependencies initialized
2025-04-04T18:05:37.734Z - INFO: SystemRegisterModule dependencies initialized
2025-04-04T18:05:37.735Z - INFO: DiscoveryModule dependencies initialized
2025-04-04T18:05:37.735Z - INFO: ConfigModule dependencies initialized
2025-04-04T18:05:37.736Z - INFO: ConfigModule dependencies initialized
2025-04-04T18:05:37.737Z - INFO: ScheduleModule dependencies initialized
2025-04-04T18:05:37.737Z - INFO: EventEmitterModule dependencies initialized
2025-04-04T18:05:37.823Z - INFO: CacheModule dependencies initialized
2025-04-04T18:05:38.257Z - INFO: TypeOrmCoreModule dependencies initialized
2025-04-04T18:05:38.258Z - INFO: TypeOrmModule dependencies initialized
2025-04-04T18:05:38.258Z - INFO: TypeOrmModule dependencies initialized
2025-04-04T18:05:38.258Z - INFO: TypeOrmModule dependencies initialized
2025-04-04T18:05:38.259Z - INFO: TypeOrmModule dependencies initialized
2025-04-04T18:05:38.259Z - INFO: TypeOrmModule dependencies initialized
2025-04-04T18:05:38.259Z - INFO: TypeOrmModule dependencies initialized
2025-04-04T18:05:38.259Z - INFO: TypeOrmModule dependencies initialized
2025-04-04T18:05:38.260Z - INFO: TypeOrmModule dependencies initialized
2025-04-04T18:05:38.260Z - INFO: TypeOrmModule dependencies initialized
2025-04-04T18:05:38.260Z - INFO: TypeOrmModule dependencies initialized
2025-04-04T18:05:38.261Z - INFO: PaginationModule dependencies initialized
2025-04-04T18:05:38.261Z - INFO: TypeOrmModule dependencies initialized
2025-04-04T18:05:38.261Z - INFO: TypeOrmModule dependencies initialized
2025-04-04T18:05:38.261Z - INFO: TypeOrmModule dependencies initialized
2025-04-04T18:05:38.261Z - INFO: TypeOrmModule dependencies initialized
2025-04-04T18:05:38.262Z - INFO: TypeOrmModule dependencies initialized
2025-04-04T18:05:38.263Z - INFO: AppModule dependencies initialized
2025-04-04T18:05:38.264Z - INFO: UsersModule dependencies initialized
2025-04-04T18:05:38.266Z - INFO: EventsListenerModule dependencies initialized
2025-04-04T18:05:38.268Z - INFO: SubscribersModule dependencies initialized
2025-04-04T18:05:38.270Z - INFO: OrganizerDashboardModule dependencies initialized
2025-04-04T18:05:38.270Z - INFO: GeneralEventAnalyticsModule dependencies initialized
2025-04-04T18:05:38.270Z - INFO: AdminDashboardModule dependencies initialized
2025-04-04T18:05:38.271Z - INFO: EventManagementModule dependencies initialized
2025-04-04T18:05:38.271Z - INFO: AttendeeDashboardModule dependencies initialized
2025-04-04T18:05:38.272Z - INFO: PermissionsModule dependencies initialized
2025-04-04T18:05:38.272Z - INFO: TeamMembersModule dependencies initialized
2025-04-04T18:05:38.272Z - INFO: TeamInvitationsModule dependencies initialized
2025-04-04T18:05:38.273Z - INFO: EventAnalyticsModule dependencies initialized
2025-04-04T18:05:38.273Z - INFO: GuestsModule dependencies initialized
2025-04-04T18:05:38.273Z - INFO: SubscribersManagementModule dependencies initialized
2025-04-04T18:05:38.275Z - INFO: MarketplaceModule dependencies initialized
2025-04-04T18:05:38.275Z - INFO: TasksModule dependencies initialized
2025-04-04T18:05:38.275Z - INFO: LineItemsModule dependencies initialized
2025-04-04T18:05:38.275Z - INFO: AdminManagementModule dependencies initialized
2025-04-04T18:05:38.276Z - INFO: TransactionsModule dependencies initialized
2025-04-04T18:05:38.276Z - INFO: PaymentModule dependencies initialized
2025-04-04T18:05:38.276Z - INFO: TeamsModule dependencies initialized
2025-04-04T18:05:38.277Z - INFO: BookingsModule dependencies initialized
2025-04-04T18:05:38.277Z - INFO: EventsModule dependencies initialized
2025-04-04T18:05:38.277Z - INFO: TicketsModule dependencies initialized
2025-04-04T18:05:38.295Z - INFO: EventsController {/api/v1/em/events}:
2025-04-04T18:05:38.298Z - INFO: Mapped {/api/v1/em/events/user-onboarded-status, GET} route
2025-04-04T18:05:38.298Z - INFO: Mapped {/api/v1/em/events, POST} route
2025-04-04T18:05:38.299Z - INFO: Mapped {/api/v1/em/events, GET} route
2025-04-04T18:05:38.300Z - INFO: Mapped {/api/v1/em/events/:id, GET} route
2025-04-04T18:05:38.300Z - INFO: Mapped {/api/v1/em/events/:id/soft-deleted-event, GET} route
2025-04-04T18:05:38.301Z - INFO: Mapped {/api/v1/em/events/:slug/attendee, GET} route
2025-04-04T18:05:38.301Z - INFO: Mapped {/api/v1/em/events/:id, PATCH} route
2025-04-04T18:05:38.302Z - INFO: Mapped {/api/v1/em/events/:id, DELETE} route
2025-04-04T18:05:38.303Z - INFO: Mapped {/api/v1/em/events/restore/:id, GET} route
2025-04-04T18:05:38.304Z - INFO: Mapped {/api/v1/em/events/:id/team, POST} route
2025-04-04T18:05:38.304Z - INFO: Mapped {/api/v1/em/events/:id/team/remove, POST} route
2025-04-04T18:05:38.304Z - INFO: PaymentController {/api/v1/em/payment}:
2025-04-04T18:05:38.305Z - INFO: Mapped {/api/v1/em/payment/create-sessions, POST} route
2025-04-04T18:05:38.305Z - INFO: Mapped {/api/v1/em/payment/create-subscription, POST} route
2025-04-04T18:05:38.305Z - INFO: Mapped {/api/v1/em/payment/cancel-subscription, POST} route
2025-04-04T18:05:38.306Z - INFO: Mapped {/api/v1/em/payment/stripe-webhooks, POST} route
2025-04-04T18:05:38.306Z - INFO: Mapped {/api/v1/em/payment/express-dashboard, GET} route
2025-04-04T18:05:38.307Z - INFO: Mapped {/api/v1/em/payment/fees, POST} route
2025-04-04T18:05:38.308Z - INFO: Mapped {/api/v1/em/payment/refund, POST} route
2025-04-04T18:05:38.308Z - INFO: TransactionsController {/api/v1/em/transactions}:
2025-04-04T18:05:38.308Z - INFO: Mapped {/api/v1/em/transactions, GET} route
2025-04-04T18:05:38.309Z - INFO: Mapped {/api/v1/em/transactions/:transactionId, GET} route
2025-04-04T18:05:38.309Z - INFO: PermissionsController {/api/v1/em}:
2025-04-04T18:05:38.309Z - INFO: Mapped {/api/v1/em/permissions, POST} route
2025-04-04T18:05:38.310Z - INFO: Mapped {/api/v1/em/teams/:teamId/team-members/:memberId, GET} route
2025-04-04T18:05:38.310Z - INFO: Mapped {/api/v1/em/permissions, DELETE} route
2025-04-04T18:05:38.310Z - INFO: TicketsController {/api/v1/em/tickets}:
2025-04-04T18:05:38.311Z - INFO: Mapped {/api/v1/em/tickets, POST} route
2025-04-04T18:05:38.311Z - INFO: Mapped {/api/v1/em/tickets/:id, GET} route
2025-04-04T18:05:38.312Z - INFO: Mapped {/api/v1/em/tickets, GET} route
2025-04-04T18:05:38.312Z - INFO: Mapped {/api/v1/em/tickets/:id, PATCH} route
2025-04-04T18:05:38.312Z - INFO: Mapped {/api/v1/em/tickets/:id, DELETE} route
2025-04-04T18:05:38.313Z - INFO: TeamMembersController {/api/v1/em/teams/:teamId/members}:
2025-04-04T18:05:38.313Z - INFO: Mapped {/api/v1/em/teams/:teamId/members, GET} route
2025-04-04T18:05:38.314Z - INFO: Mapped {/api/v1/em/teams/:teamId/members/:id, GET} route
2025-04-04T18:05:38.314Z - INFO: Mapped {/api/v1/em/teams/:teamId/members/:id, PATCH} route
2025-04-04T18:05:38.314Z - INFO: Mapped {/api/v1/em/teams/:teamId/members/:id, DELETE} route
2025-04-04T18:05:38.315Z - INFO: TeamInvitationsController {/api/v1/em}:
2025-04-04T18:05:38.315Z - INFO: Mapped {/api/v1/em/teams/:teamId/invitations, POST} route
2025-04-04T18:05:38.315Z - INFO: Mapped {/api/v1/em/teams/:teamId/invitations, GET} route
2025-04-04T18:05:38.316Z - INFO: Mapped {/api/v1/em/teams/:teamId/invitations/:id, GET} route
2025-04-04T18:05:38.316Z - INFO: Mapped {/api/v1/em/teams/:teamId/invitations/resend, POST} route
2025-04-04T18:05:38.317Z - INFO: Mapped {/api/v1/em/invitations/respond, POST} route
2025-04-04T18:05:38.317Z - INFO: Mapped {/api/v1/em/invitations/details-by-token/:token, GET} route
2025-04-04T18:05:38.317Z - INFO: Mapped {/api/v1/em/teams/:teamId/invitations/:id, DELETE} route
2025-04-04T18:05:38.318Z - INFO: TeamsController {/api/v1/em/teams}:
2025-04-04T18:05:38.318Z - INFO: Mapped {/api/v1/em/teams, POST} route
2025-04-04T18:05:38.319Z - INFO: Mapped {/api/v1/em/teams, GET} route
2025-04-04T18:05:38.319Z - INFO: Mapped {/api/v1/em/teams/:id, GET} route
2025-04-04T18:05:38.320Z - INFO: Mapped {/api/v1/em/teams/:id, PATCH} route
2025-04-04T18:05:38.320Z - INFO: Mapped {/api/v1/em/teams/:id, DELETE} route
2025-04-04T18:05:38.321Z - INFO: TasksController {/api/v1/em/events/:eventId/tasks}:
2025-04-04T18:05:38.321Z - INFO: Mapped {/api/v1/em/events/:eventId/tasks, POST} route
2025-04-04T18:05:38.321Z - INFO: Mapped {/api/v1/em/events/:eventId/tasks, GET} route
2025-04-04T18:05:38.322Z - INFO: Mapped {/api/v1/em/events/:eventId/tasks/:id, GET} route
2025-04-04T18:05:38.322Z - INFO: Mapped {/api/v1/em/events/:eventId/tasks/:id, PATCH} route
2025-04-04T18:05:38.322Z - INFO: Mapped {/api/v1/em/events/:eventId/tasks/:id, DELETE} route
2025-04-04T18:05:38.323Z - INFO: LineItemsController {/api/v1/em/events/:eventId/line-items}:
2025-04-04T18:05:38.324Z - INFO: Mapped {/api/v1/em/events/:eventId/line-items, POST} route
2025-04-04T18:05:38.324Z - INFO: Mapped {/api/v1/em/events/:eventId/line-items/budget/analytics, GET} route
2025-04-04T18:05:38.325Z - INFO: Mapped {/api/v1/em/events/:eventId/line-items, GET} route
2025-04-04T18:05:38.325Z - INFO: Mapped {/api/v1/em/events/:eventId/line-items/categories/all, GET} route
2025-04-04T18:05:38.325Z - INFO: Mapped {/api/v1/em/events/:eventId/line-items/:id, GET} route
2025-04-04T18:05:38.325Z - INFO: Mapped {/api/v1/em/events/:eventId/line-items/:id, PATCH} route
2025-04-04T18:05:38.326Z - INFO: Mapped {/api/v1/em/events/:eventId/line-items/:id, DELETE} route
2025-04-04T18:05:38.326Z - INFO: OrganizerDashboardController {/api/v1/em}:
2025-04-04T18:05:38.326Z - INFO: Mapped {/api/v1/em/organizer-dashboard, GET} route
2025-04-04T18:05:38.327Z - INFO: EventAnalyticsController {/api/v1/em}:
2025-04-04T18:05:38.327Z - INFO: Mapped {/api/v1/em/event-analytics/:eventId, GET} route
2025-04-04T18:05:38.327Z - INFO: GeneralEventAnalyticsController {/api/v1/em}:
2025-04-04T18:05:38.328Z - INFO: Mapped {/api/v1/em/general-event-analytics, GET} route
2025-04-04T18:05:38.328Z - INFO: MarketplaceController {/api/v1/em/marketplace}:
2025-04-04T18:05:38.328Z - INFO: Mapped {/api/v1/em/marketplace/find-events, GET} route
2025-04-04T18:05:38.329Z - INFO: Mapped {/api/v1/em/marketplace/find-top-events, GET} route
2025-04-04T18:05:38.329Z - INFO: NewsletterController {/api/v1/em/newsletter}:
2025-04-04T18:05:38.329Z - INFO: Mapped {/api/v1/em/newsletter, POST} route
2025-04-04T18:05:38.330Z - INFO: Mapped {/api/v1/em/newsletter, GET} route
2025-04-04T18:05:38.330Z - INFO: Mapped {/api/v1/em/newsletter/:id, GET} route
2025-04-04T18:05:38.330Z - INFO: Mapped {/api/v1/em/newsletter/:id, PATCH} route
2025-04-04T18:05:38.331Z - INFO: Mapped {/api/v1/em/newsletter/:id, DELETE} route
2025-04-04T18:05:38.331Z - INFO: SubscribersController {/api/v1/em/subscribers}:
2025-04-04T18:05:38.331Z - INFO: Mapped {/api/v1/em/subscribers, POST} route
2025-04-04T18:05:38.331Z - INFO: Mapped {/api/v1/em/subscribers, PATCH} route
2025-04-04T18:05:38.332Z - INFO: BookingsController {/api/v1/em}:
2025-04-04T18:05:38.332Z - INFO: Mapped {/api/v1/em/events/:eventId/bookings, POST} route
2025-04-04T18:05:38.332Z - INFO: Mapped {/api/v1/em/events/:eventId/bookings/process, POST} route
2025-04-04T18:05:38.333Z - INFO: Mapped {/api/v1/em/bookings, GET} route
2025-04-04T18:05:38.333Z - INFO: Mapped {/api/v1/em/bookings/:id, GET} route
2025-04-04T18:05:38.334Z - INFO: Mapped {/api/v1/em/bookings/:id, DELETE} route
2025-04-04T18:05:38.334Z - INFO: Mapped {/api/v1/em/bookings/transfer, POST} route
2025-04-04T18:05:38.334Z - INFO: Mapped {/api/v1/em/bookings/update-rsvp, PATCH} route
2025-04-04T18:05:38.335Z - INFO: Mapped {/api/v1/em/bookings/complimentary, POST} route
2025-04-04T18:05:38.335Z - INFO: Mapped {/api/v1/em/bookings/verify, POST} route
2025-04-04T18:05:38.335Z - INFO: BookingsTransactionsController {/api/v1/em/bookings-transactions}:
2025-04-04T18:05:38.336Z - INFO: Mapped {/api/v1/em/bookings-transactions, POST} route
2025-04-04T18:05:38.336Z - INFO: Mapped {/api/v1/em/bookings-transactions, GET} route
2025-04-04T18:05:38.337Z - INFO: Mapped {/api/v1/em/bookings-transactions/:id, GET} route
2025-04-04T18:05:38.337Z - INFO: Mapped {/api/v1/em/bookings-transactions/:id, PATCH} route
2025-04-04T18:05:38.337Z - INFO: Mapped {/api/v1/em/bookings-transactions/:id, DELETE} route
2025-04-04T18:05:38.338Z - INFO: AttendeeDashboardController {/api/v1/em/attendee-dashboard}:
2025-04-04T18:05:38.338Z - INFO: Mapped {/api/v1/em/attendee-dashboard, GET} route
2025-04-04T18:05:38.338Z - INFO: GuestsController {/api/v1/em}:
2025-04-04T18:05:38.339Z - INFO: Mapped {/api/v1/em/events/:eventId/guests, GET} route
2025-04-04T18:05:38.339Z - INFO: Mapped {/api/v1/em/guests/:bookingId, GET} route
2025-04-04T18:05:38.339Z - INFO: Mapped {/api/v1/em/events/:eventId/guests/broadcast, POST} route
2025-04-04T18:05:38.340Z - INFO: Mapped {/api/v1/em/events/:eventId/guests/check, POST} route
2025-04-04T18:05:38.340Z - INFO: AdminDashboardController {/api/v1/em/admin/dashboard}:
2025-04-04T18:05:38.340Z - INFO: Mapped {/api/v1/em/admin/dashboard/active-users-chart, GET} route
2025-04-04T18:05:38.341Z - INFO: Mapped {/api/v1/em/admin/dashboard/analytics, GET} route
2025-04-04T18:05:38.341Z - INFO: SystemRegisterController {/api/v1/em/system-register}:
2025-04-04T18:05:38.342Z - INFO: Mapped {/api/v1/em/system-register, POST} route
2025-04-04T18:05:38.342Z - INFO: Mapped {/api/v1/em/system-register, GET} route
2025-04-04T18:05:38.342Z - INFO: Mapped {/api/v1/em/system-register/:id, GET} route
2025-04-04T18:05:38.343Z - INFO: Mapped {/api/v1/em/system-register/:id, PATCH} route
2025-04-04T18:05:38.343Z - INFO: Mapped {/api/v1/em/system-register/:id, DELETE} route
2025-04-04T18:05:38.343Z - INFO: AdminManagementController {/api/v1/em/admin-management}:
2025-04-04T18:05:38.344Z - INFO: Mapped {/api/v1/em/admin-management/get-all-users, GET} route
2025-04-04T18:05:38.344Z - INFO: Mapped {/api/v1/em/admin-management/user-stats, GET} route
2025-04-04T18:05:38.345Z - INFO: Mapped {/api/v1/em/admin-management/:id, GET} route
2025-04-04T18:05:38.345Z - INFO: Mapped {/api/v1/em/admin-management/export-all-users, POST} route
2025-04-04T18:05:38.345Z - INFO: Mapped {/api/v1/em/admin-management/:id/block-user, POST} route
2025-04-04T18:05:38.346Z - INFO: Mapped {/api/v1/em/admin-management/:id/unblock-user, POST} route
2025-04-04T18:05:38.346Z - INFO: EventManagementController {/api/v1/em/admin/events}:
2025-04-04T18:05:38.346Z - INFO: Mapped {/api/v1/em/admin/events, GET} route
2025-04-04T18:05:38.347Z - INFO: Mapped {/api/v1/em/admin/events/export, POST} route
2025-04-04T18:05:38.347Z - INFO: SubscribersManagementController {/api/v1/em/admin/subscribers}:
2025-04-04T18:05:38.347Z - INFO: Mapped {/api/v1/em/admin/subscribers, GET} route
2025-04-04T18:05:38.347Z - INFO: Mapped {/api/v1/em/admin/subscribers/:id, GET} route
2025-04-04T18:05:38.348Z - INFO: Mapped {/api/v1/em/admin/subscribers/export, POST} route
2025-04-04T18:05:38.348Z - INFO: Mapped {/api/v1/em/admin/subscribers/:id, DELETE} route
2025-04-04T18:05:38.369Z - INFO: Nest application successfully started
2025-04-04T21:16:55.917Z - INFO: Starting Nest application...
2025-04-04T21:17:02.731Z - INFO: Starting Nest application...
2025-04-04T21:17:02.777Z - INFO: TypeOrmModule dependencies initialized
2025-04-04T21:17:02.777Z - INFO: MulterModule dependencies initialized
2025-04-04T21:17:02.779Z - INFO: ConfigHostModule dependencies initialized
2025-04-04T21:17:02.780Z - INFO: NewsletterModule dependencies initialized
2025-04-04T21:17:02.780Z - INFO: BookingsTransactionsModule dependencies initialized
2025-04-04T21:17:02.781Z - INFO: SystemRegisterModule dependencies initialized
2025-04-04T21:17:02.781Z - INFO: DiscoveryModule dependencies initialized
2025-04-04T21:17:02.782Z - INFO: ConfigModule dependencies initialized
2025-04-04T21:17:02.782Z - INFO: ConfigModule dependencies initialized
2025-04-04T21:17:02.783Z - INFO: ScheduleModule dependencies initialized
2025-04-04T21:17:02.784Z - INFO: EventEmitterModule dependencies initialized
2025-04-04T21:17:02.870Z - INFO: CacheModule dependencies initialized
2025-04-04T21:17:03.317Z - INFO: TypeOrmCoreModule dependencies initialized
2025-04-04T21:17:03.318Z - INFO: TypeOrmModule dependencies initialized
2025-04-04T21:17:03.318Z - INFO: TypeOrmModule dependencies initialized
2025-04-04T21:17:03.318Z - INFO: TypeOrmModule dependencies initialized
2025-04-04T21:17:03.318Z - INFO: TypeOrmModule dependencies initialized
2025-04-04T21:17:03.319Z - INFO: TypeOrmModule dependencies initialized
2025-04-04T21:17:03.319Z - INFO: TypeOrmModule dependencies initialized
2025-04-04T21:17:03.319Z - INFO: TypeOrmModule dependencies initialized
2025-04-04T21:17:03.319Z - INFO: TypeOrmModule dependencies initialized
2025-04-04T21:17:03.320Z - INFO: TypeOrmModule dependencies initialized
2025-04-04T21:17:03.320Z - INFO: TypeOrmModule dependencies initialized
2025-04-04T21:17:03.320Z - INFO: PaginationModule dependencies initialized
2025-04-04T21:17:03.320Z - INFO: TypeOrmModule dependencies initialized
2025-04-04T21:17:03.320Z - INFO: TypeOrmModule dependencies initialized
2025-04-04T21:17:03.321Z - INFO: TypeOrmModule dependencies initialized
2025-04-04T21:17:03.321Z - INFO: TypeOrmModule dependencies initialized
2025-04-04T21:17:03.321Z - INFO: TypeOrmModule dependencies initialized
2025-04-04T21:17:03.323Z - INFO: AppModule dependencies initialized
2025-04-04T21:17:03.324Z - INFO: UsersModule dependencies initialized
2025-04-04T21:17:03.327Z - INFO: EventsListenerModule dependencies initialized
2025-04-04T21:17:03.330Z - INFO: SubscribersModule dependencies initialized
2025-04-04T21:17:03.335Z - INFO: OrganizerDashboardModule dependencies initialized
2025-04-04T21:17:03.335Z - INFO: GeneralEventAnalyticsModule dependencies initialized
2025-04-04T21:17:03.335Z - INFO: AdminDashboardModule dependencies initialized
2025-04-04T21:17:03.335Z - INFO: EventManagementModule dependencies initialized
2025-04-04T21:17:03.336Z - INFO: AttendeeDashboardModule dependencies initialized
2025-04-04T21:17:03.336Z - INFO: PermissionsModule dependencies initialized
2025-04-04T21:17:03.337Z - INFO: TeamMembersModule dependencies initialized
2025-04-04T21:17:03.337Z - INFO: TeamInvitationsModule dependencies initialized
2025-04-04T21:17:03.337Z - INFO: EventAnalyticsModule dependencies initialized
2025-04-04T21:17:03.338Z - INFO: GuestsModule dependencies initialized
2025-04-04T21:17:03.338Z - INFO: SubscribersManagementModule dependencies initialized
2025-04-04T21:17:03.339Z - INFO: MarketplaceModule dependencies initialized
2025-04-04T21:17:03.339Z - INFO: TasksModule dependencies initialized
2025-04-04T21:17:03.340Z - INFO: LineItemsModule dependencies initialized
2025-04-04T21:17:03.340Z - INFO: AdminManagementModule dependencies initialized
2025-04-04T21:17:03.340Z - INFO: TransactionsModule dependencies initialized
2025-04-04T21:17:03.340Z - INFO: PaymentModule dependencies initialized
2025-04-04T21:17:03.341Z - INFO: TeamsModule dependencies initialized
2025-04-04T21:17:03.341Z - INFO: BookingsModule dependencies initialized
2025-04-04T21:17:03.341Z - INFO: EventsModule dependencies initialized
2025-04-04T21:17:03.342Z - INFO: TicketsModule dependencies initialized
2025-04-04T21:17:03.362Z - INFO: EventsController {/api/v1/em/events}:
2025-04-04T21:17:03.367Z - INFO: Mapped {/api/v1/em/events/user-onboarded-status, GET} route
2025-04-04T21:17:03.367Z - INFO: Mapped {/api/v1/em/events, POST} route
2025-04-04T21:17:03.368Z - INFO: Mapped {/api/v1/em/events, GET} route
2025-04-04T21:17:03.369Z - INFO: Mapped {/api/v1/em/events/:id, GET} route
2025-04-04T21:17:03.369Z - INFO: Mapped {/api/v1/em/events/:id/soft-deleted-event, GET} route
2025-04-04T21:17:03.370Z - INFO: Mapped {/api/v1/em/events/:slug/attendee, GET} route
2025-04-04T21:17:03.370Z - INFO: Mapped {/api/v1/em/events/:id, PATCH} route
2025-04-04T21:17:03.371Z - INFO: Mapped {/api/v1/em/events/:id, DELETE} route
2025-04-04T21:17:03.372Z - INFO: Mapped {/api/v1/em/events/restore/:id, GET} route
2025-04-04T21:17:03.372Z - INFO: Mapped {/api/v1/em/events/:id/team, POST} route
2025-04-04T21:17:03.373Z - INFO: Mapped {/api/v1/em/events/:id/team/remove, POST} route
2025-04-04T21:17:03.373Z - INFO: PaymentController {/api/v1/em/payment}:
2025-04-04T21:17:03.374Z - INFO: Mapped {/api/v1/em/payment/create-sessions, POST} route
2025-04-04T21:17:03.374Z - INFO: Mapped {/api/v1/em/payment/create-subscription, POST} route
2025-04-04T21:17:03.374Z - INFO: Mapped {/api/v1/em/payment/cancel-subscription, POST} route
2025-04-04T21:17:03.375Z - INFO: Mapped {/api/v1/em/payment/stripe-webhooks, POST} route
2025-04-04T21:17:03.376Z - INFO: Mapped {/api/v1/em/payment/express-dashboard, GET} route
2025-04-04T21:17:03.376Z - INFO: Mapped {/api/v1/em/payment/fees, POST} route
2025-04-04T21:17:03.377Z - INFO: Mapped {/api/v1/em/payment/refund, POST} route
2025-04-04T21:17:03.378Z - INFO: TransactionsController {/api/v1/em/transactions}:
2025-04-04T21:17:03.378Z - INFO: Mapped {/api/v1/em/transactions, GET} route
2025-04-04T21:17:03.379Z - INFO: Mapped {/api/v1/em/transactions/:transactionId, GET} route
2025-04-04T21:17:03.379Z - INFO: PermissionsController {/api/v1/em}:
2025-04-04T21:17:03.379Z - INFO: Mapped {/api/v1/em/permissions, POST} route
2025-04-04T21:17:03.380Z - INFO: Mapped {/api/v1/em/teams/:teamId/team-members/:memberId, GET} route
2025-04-04T21:17:03.380Z - INFO: Mapped {/api/v1/em/permissions, DELETE} route
2025-04-04T21:17:03.380Z - INFO: TicketsController {/api/v1/em/tickets}:
2025-04-04T21:17:03.381Z - INFO: Mapped {/api/v1/em/tickets, POST} route
2025-04-04T21:17:03.382Z - INFO: Mapped {/api/v1/em/tickets/:id, GET} route
2025-04-04T21:17:03.382Z - INFO: Mapped {/api/v1/em/tickets, GET} route
2025-04-04T21:17:03.383Z - INFO: Mapped {/api/v1/em/tickets/:id, PATCH} route
2025-04-04T21:17:03.383Z - INFO: Mapped {/api/v1/em/tickets/:id, DELETE} route
2025-04-04T21:17:03.384Z - INFO: TeamMembersController {/api/v1/em/teams/:teamId/members}:
2025-04-04T21:17:03.384Z - INFO: Mapped {/api/v1/em/teams/:teamId/members, GET} route
2025-04-04T21:17:03.385Z - INFO: Mapped {/api/v1/em/teams/:teamId/members/:id, GET} route
2025-04-04T21:17:03.385Z - INFO: Mapped {/api/v1/em/teams/:teamId/members/:id, PATCH} route
2025-04-04T21:17:03.385Z - INFO: Mapped {/api/v1/em/teams/:teamId/members/:id, DELETE} route
2025-04-04T21:17:03.386Z - INFO: TeamInvitationsController {/api/v1/em}:
2025-04-04T21:17:03.386Z - INFO: Mapped {/api/v1/em/teams/:teamId/invitations, POST} route
2025-04-04T21:17:03.386Z - INFO: Mapped {/api/v1/em/teams/:teamId/invitations, GET} route
2025-04-04T21:17:03.387Z - INFO: Mapped {/api/v1/em/teams/:teamId/invitations/:id, GET} route
2025-04-04T21:17:03.387Z - INFO: Mapped {/api/v1/em/teams/:teamId/invitations/resend, POST} route
2025-04-04T21:17:03.387Z - INFO: Mapped {/api/v1/em/invitations/respond, POST} route
2025-04-04T21:17:03.388Z - INFO: Mapped {/api/v1/em/invitations/details-by-token/:token, GET} route
2025-04-04T21:17:03.388Z - INFO: Mapped {/api/v1/em/teams/:teamId/invitations/:id, DELETE} route
2025-04-04T21:17:03.388Z - INFO: TeamsController {/api/v1/em/teams}:
2025-04-04T21:17:03.389Z - INFO: Mapped {/api/v1/em/teams, POST} route
2025-04-04T21:17:03.389Z - INFO: Mapped {/api/v1/em/teams, GET} route
2025-04-04T21:17:03.390Z - INFO: Mapped {/api/v1/em/teams/:id, GET} route
2025-04-04T21:17:03.390Z - INFO: Mapped {/api/v1/em/teams/:id, PATCH} route
2025-04-04T21:17:03.391Z - INFO: Mapped {/api/v1/em/teams/:id, DELETE} route
2025-04-04T21:17:03.391Z - INFO: TasksController {/api/v1/em/events/:eventId/tasks}:
2025-04-04T21:17:03.391Z - INFO: Mapped {/api/v1/em/events/:eventId/tasks, POST} route
2025-04-04T21:17:03.392Z - INFO: Mapped {/api/v1/em/events/:eventId/tasks, GET} route
2025-04-04T21:17:03.392Z - INFO: Mapped {/api/v1/em/events/:eventId/tasks/:id, GET} route
2025-04-04T21:17:03.392Z - INFO: Mapped {/api/v1/em/events/:eventId/tasks/:id, PATCH} route
2025-04-04T21:17:03.393Z - INFO: Mapped {/api/v1/em/events/:eventId/tasks/:id, DELETE} route
2025-04-04T21:17:03.393Z - INFO: LineItemsController {/api/v1/em/events/:eventId/line-items}:
2025-04-04T21:17:03.394Z - INFO: Mapped {/api/v1/em/events/:eventId/line-items, POST} route
2025-04-04T21:17:03.394Z - INFO: Mapped {/api/v1/em/events/:eventId/line-items/budget/analytics, GET} route
2025-04-04T21:17:03.394Z - INFO: Mapped {/api/v1/em/events/:eventId/line-items, GET} route
2025-04-04T21:17:03.395Z - INFO: Mapped {/api/v1/em/events/:eventId/line-items/categories/all, GET} route
2025-04-04T21:17:03.395Z - INFO: Mapped {/api/v1/em/events/:eventId/line-items/:id, GET} route
2025-04-04T21:17:03.395Z - INFO: Mapped {/api/v1/em/events/:eventId/line-items/:id, PATCH} route
2025-04-04T21:17:03.395Z - INFO: Mapped {/api/v1/em/events/:eventId/line-items/:id, DELETE} route
2025-04-04T21:17:03.396Z - INFO: OrganizerDashboardController {/api/v1/em}:
2025-04-04T21:17:03.396Z - INFO: Mapped {/api/v1/em/organizer-dashboard, GET} route
2025-04-04T21:17:03.396Z - INFO: EventAnalyticsController {/api/v1/em}:
2025-04-04T21:17:03.396Z - INFO: Mapped {/api/v1/em/event-analytics/:eventId, GET} route
2025-04-04T21:17:03.397Z - INFO: GeneralEventAnalyticsController {/api/v1/em}:
2025-04-04T21:17:03.397Z - INFO: Mapped {/api/v1/em/general-event-analytics, GET} route
2025-04-04T21:17:03.397Z - INFO: MarketplaceController {/api/v1/em/marketplace}:
2025-04-04T21:17:03.398Z - INFO: Mapped {/api/v1/em/marketplace/find-events, GET} route
2025-04-04T21:17:03.398Z - INFO: Mapped {/api/v1/em/marketplace/find-top-events, GET} route
2025-04-04T21:17:03.398Z - INFO: NewsletterController {/api/v1/em/newsletter}:
2025-04-04T21:17:03.399Z - INFO: Mapped {/api/v1/em/newsletter, POST} route
2025-04-04T21:17:03.399Z - INFO: Mapped {/api/v1/em/newsletter, GET} route
2025-04-04T21:17:03.399Z - INFO: Mapped {/api/v1/em/newsletter/:id, GET} route
2025-04-04T21:17:03.400Z - INFO: Mapped {/api/v1/em/newsletter/:id, PATCH} route
2025-04-04T21:17:03.400Z - INFO: Mapped {/api/v1/em/newsletter/:id, DELETE} route
2025-04-04T21:17:03.400Z - INFO: SubscribersController {/api/v1/em/subscribers}:
2025-04-04T21:17:03.400Z - INFO: Mapped {/api/v1/em/subscribers, POST} route
2025-04-04T21:17:03.401Z - INFO: Mapped {/api/v1/em/subscribers, PATCH} route
2025-04-04T21:17:03.401Z - INFO: BookingsController {/api/v1/em}:
2025-04-04T21:17:03.401Z - INFO: Mapped {/api/v1/em/events/:eventId/bookings, POST} route
2025-04-04T21:17:03.402Z - INFO: Mapped {/api/v1/em/events/:eventId/bookings/process, POST} route
2025-04-04T21:17:03.402Z - INFO: Mapped {/api/v1/em/bookings, GET} route
2025-04-04T21:17:03.402Z - INFO: Mapped {/api/v1/em/bookings/:id, GET} route
2025-04-04T21:17:03.403Z - INFO: Mapped {/api/v1/em/bookings/:id, DELETE} route
2025-04-04T21:17:03.403Z - INFO: Mapped {/api/v1/em/bookings/transfer, POST} route
2025-04-04T21:17:03.403Z - INFO: Mapped {/api/v1/em/bookings/update-rsvp, PATCH} route
2025-04-04T21:17:03.403Z - INFO: Mapped {/api/v1/em/bookings/complimentary, POST} route
2025-04-04T21:17:03.404Z - INFO: Mapped {/api/v1/em/bookings/verify, POST} route
2025-04-04T21:17:03.404Z - INFO: BookingsTransactionsController {/api/v1/em/bookings-transactions}:
2025-04-04T21:17:03.404Z - INFO: Mapped {/api/v1/em/bookings-transactions, POST} route
2025-04-04T21:17:03.405Z - INFO: Mapped {/api/v1/em/bookings-transactions, GET} route
2025-04-04T21:17:03.405Z - INFO: Mapped {/api/v1/em/bookings-transactions/:id, GET} route
2025-04-04T21:17:03.405Z - INFO: Mapped {/api/v1/em/bookings-transactions/:id, PATCH} route
2025-04-04T21:17:03.405Z - INFO: Mapped {/api/v1/em/bookings-transactions/:id, DELETE} route
2025-04-04T21:17:03.406Z - INFO: AttendeeDashboardController {/api/v1/em/attendee-dashboard}:
2025-04-04T21:17:03.406Z - INFO: Mapped {/api/v1/em/attendee-dashboard, GET} route
2025-04-04T21:17:03.406Z - INFO: GuestsController {/api/v1/em}:
2025-04-04T21:17:03.406Z - INFO: Mapped {/api/v1/em/events/:eventId/guests, GET} route
2025-04-04T21:17:03.407Z - INFO: Mapped {/api/v1/em/guests/:bookingId, GET} route
2025-04-04T21:17:03.407Z - INFO: Mapped {/api/v1/em/events/:eventId/guests/broadcast, POST} route
2025-04-04T21:17:03.407Z - INFO: Mapped {/api/v1/em/events/:eventId/guests/check, POST} route
2025-04-04T21:17:03.408Z - INFO: AdminDashboardController {/api/v1/em/admin/dashboard}:
2025-04-04T21:17:03.408Z - INFO: Mapped {/api/v1/em/admin/dashboard/active-users-chart, GET} route
2025-04-04T21:17:03.408Z - INFO: Mapped {/api/v1/em/admin/dashboard/analytics, GET} route
2025-04-04T21:17:03.408Z - INFO: SystemRegisterController {/api/v1/em/system-register}:
2025-04-04T21:17:03.409Z - INFO: Mapped {/api/v1/em/system-register, POST} route
2025-04-04T21:17:03.409Z - INFO: Mapped {/api/v1/em/system-register, GET} route
2025-04-04T21:17:03.409Z - INFO: Mapped {/api/v1/em/system-register/:id, GET} route
2025-04-04T21:17:03.409Z - INFO: Mapped {/api/v1/em/system-register/:id, PATCH} route
2025-04-04T21:17:03.410Z - INFO: Mapped {/api/v1/em/system-register/:id, DELETE} route
2025-04-04T21:17:03.410Z - INFO: AdminManagementController {/api/v1/em/admin-management}:
2025-04-04T21:17:03.410Z - INFO: Mapped {/api/v1/em/admin-management/get-all-users, GET} route
2025-04-04T21:17:03.410Z - INFO: Mapped {/api/v1/em/admin-management/user-stats, GET} route
2025-04-04T21:17:03.411Z - INFO: Mapped {/api/v1/em/admin-management/:id, GET} route
2025-04-04T21:17:03.411Z - INFO: Mapped {/api/v1/em/admin-management/export-all-users, POST} route
2025-04-04T21:17:03.411Z - INFO: Mapped {/api/v1/em/admin-management/:id/block-user, POST} route
2025-04-04T21:17:03.411Z - INFO: Mapped {/api/v1/em/admin-management/:id/unblock-user, POST} route
2025-04-04T21:17:03.412Z - INFO: EventManagementController {/api/v1/em/admin/events}:
2025-04-04T21:17:03.412Z - INFO: Mapped {/api/v1/em/admin/events, GET} route
2025-04-04T21:17:03.412Z - INFO: Mapped {/api/v1/em/admin/events/export, POST} route
2025-04-04T21:17:03.412Z - INFO: SubscribersManagementController {/api/v1/em/admin/subscribers}:
2025-04-04T21:17:03.413Z - INFO: Mapped {/api/v1/em/admin/subscribers, GET} route
2025-04-04T21:17:03.413Z - INFO: Mapped {/api/v1/em/admin/subscribers/:id, GET} route
2025-04-04T21:17:03.413Z - INFO: Mapped {/api/v1/em/admin/subscribers/export, POST} route
2025-04-04T21:17:03.414Z - INFO: Mapped {/api/v1/em/admin/subscribers/:id, DELETE} route
2025-04-04T21:17:03.441Z - INFO: Nest application successfully started
2025-04-04T21:17:08.306Z - INFO: Starting Nest application...
2025-04-04T21:17:08.354Z - INFO: TypeOrmModule dependencies initialized
2025-04-04T21:17:08.354Z - INFO: MulterModule dependencies initialized
2025-04-04T21:17:08.356Z - INFO: ConfigHostModule dependencies initialized
2025-04-04T21:17:08.357Z - INFO: NewsletterModule dependencies initialized
2025-04-04T21:17:08.357Z - INFO: BookingsTransactionsModule dependencies initialized
2025-04-04T21:17:08.357Z - INFO: SystemRegisterModule dependencies initialized
2025-04-04T21:17:08.358Z - INFO: DiscoveryModule dependencies initialized
2025-04-04T21:17:08.358Z - INFO: ConfigModule dependencies initialized
2025-04-04T21:17:08.359Z - INFO: ConfigModule dependencies initialized
2025-04-04T21:17:08.359Z - INFO: ScheduleModule dependencies initialized
2025-04-04T21:17:08.360Z - INFO: EventEmitterModule dependencies initialized
2025-04-04T21:17:08.432Z - INFO: CacheModule dependencies initialized
2025-04-04T21:17:08.796Z - INFO: TypeOrmCoreModule dependencies initialized
2025-04-04T21:17:08.797Z - INFO: TypeOrmModule dependencies initialized
2025-04-04T21:17:08.797Z - INFO: TypeOrmModule dependencies initialized
2025-04-04T21:17:08.798Z - INFO: TypeOrmModule dependencies initialized
2025-04-04T21:17:08.798Z - INFO: TypeOrmModule dependencies initialized
2025-04-04T21:17:08.798Z - INFO: TypeOrmModule dependencies initialized
2025-04-04T21:17:08.799Z - INFO: TypeOrmModule dependencies initialized
2025-04-04T21:17:08.799Z - INFO: TypeOrmModule dependencies initialized
2025-04-04T21:17:08.799Z - INFO: TypeOrmModule dependencies initialized
2025-04-04T21:17:08.799Z - INFO: TypeOrmModule dependencies initialized
2025-04-04T21:17:08.800Z - INFO: TypeOrmModule dependencies initialized
2025-04-04T21:17:08.800Z - INFO: PaginationModule dependencies initialized
2025-04-04T21:17:08.800Z - INFO: TypeOrmModule dependencies initialized
2025-04-04T21:17:08.800Z - INFO: TypeOrmModule dependencies initialized
2025-04-04T21:17:08.800Z - INFO: TypeOrmModule dependencies initialized
2025-04-04T21:17:08.801Z - INFO: TypeOrmModule dependencies initialized
2025-04-04T21:17:08.801Z - INFO: TypeOrmModule dependencies initialized
2025-04-04T21:17:08.803Z - INFO: AppModule dependencies initialized
2025-04-04T21:17:08.804Z - INFO: UsersModule dependencies initialized
2025-04-04T21:17:08.807Z - INFO: EventsListenerModule dependencies initialized
2025-04-04T21:17:08.809Z - INFO: SubscribersModule dependencies initialized
2025-04-04T21:17:08.812Z - INFO: OrganizerDashboardModule dependencies initialized
2025-04-04T21:17:08.812Z - INFO: GeneralEventAnalyticsModule dependencies initialized
2025-04-04T21:17:08.813Z - INFO: AdminDashboardModule dependencies initialized
2025-04-04T21:17:08.813Z - INFO: EventManagementModule dependencies initialized
2025-04-04T21:17:08.813Z - INFO: AttendeeDashboardModule dependencies initialized
2025-04-04T21:17:08.814Z - INFO: PermissionsModule dependencies initialized
2025-04-04T21:17:08.814Z - INFO: TeamMembersModule dependencies initialized
2025-04-04T21:17:08.814Z - INFO: TeamInvitationsModule dependencies initialized
2025-04-04T21:17:08.815Z - INFO: EventAnalyticsModule dependencies initialized
2025-04-04T21:17:08.815Z - INFO: GuestsModule dependencies initialized
2025-04-04T21:17:08.816Z - INFO: SubscribersManagementModule dependencies initialized
2025-04-04T21:17:08.817Z - INFO: MarketplaceModule dependencies initialized
2025-04-04T21:17:08.817Z - INFO: TasksModule dependencies initialized
2025-04-04T21:17:08.817Z - INFO: LineItemsModule dependencies initialized
2025-04-04T21:17:08.817Z - INFO: AdminManagementModule dependencies initialized
2025-04-04T21:17:08.818Z - INFO: TransactionsModule dependencies initialized
2025-04-04T21:17:08.818Z - INFO: PaymentModule dependencies initialized
2025-04-04T21:17:08.818Z - INFO: TeamsModule dependencies initialized
2025-04-04T21:17:08.819Z - INFO: BookingsModule dependencies initialized
2025-04-04T21:17:08.819Z - INFO: EventsModule dependencies initialized
2025-04-04T21:17:08.819Z - INFO: TicketsModule dependencies initialized
2025-04-04T21:17:08.834Z - INFO: EventsController {/api/v1/em/events}:
2025-04-04T21:17:08.838Z - INFO: Mapped {/api/v1/em/events/user-onboarded-status, GET} route
2025-04-04T21:17:08.839Z - INFO: Mapped {/api/v1/em/events, POST} route
2025-04-04T21:17:08.840Z - INFO: Mapped {/api/v1/em/events, GET} route
2025-04-04T21:17:08.841Z - INFO: Mapped {/api/v1/em/events/:id, GET} route
2025-04-04T21:17:08.842Z - INFO: Mapped {/api/v1/em/events/:id/soft-deleted-event, GET} route
2025-04-04T21:17:08.842Z - INFO: Mapped {/api/v1/em/events/:slug/attendee, GET} route
2025-04-04T21:17:08.843Z - INFO: Mapped {/api/v1/em/events/:id, PATCH} route
2025-04-04T21:17:08.844Z - INFO: Mapped {/api/v1/em/events/:id, DELETE} route
2025-04-04T21:17:08.846Z - INFO: Mapped {/api/v1/em/events/restore/:id, GET} route
2025-04-04T21:17:08.847Z - INFO: Mapped {/api/v1/em/events/:id/team, POST} route
2025-04-04T21:17:08.848Z - INFO: Mapped {/api/v1/em/events/:id/team/remove, POST} route
2025-04-04T21:17:08.848Z - INFO: PaymentController {/api/v1/em/payment}:
2025-04-04T21:17:08.849Z - INFO: Mapped {/api/v1/em/payment/create-sessions, POST} route
2025-04-04T21:17:08.849Z - INFO: Mapped {/api/v1/em/payment/create-subscription, POST} route
2025-04-04T21:17:08.849Z - INFO: Mapped {/api/v1/em/payment/cancel-subscription, POST} route
2025-04-04T21:17:08.850Z - INFO: Mapped {/api/v1/em/payment/stripe-webhooks, POST} route
2025-04-04T21:17:08.850Z - INFO: Mapped {/api/v1/em/payment/express-dashboard, GET} route
2025-04-04T21:17:08.851Z - INFO: Mapped {/api/v1/em/payment/fees, POST} route
2025-04-04T21:17:08.851Z - INFO: Mapped {/api/v1/em/payment/refund, POST} route
2025-04-04T21:17:08.852Z - INFO: TransactionsController {/api/v1/em/transactions}:
2025-04-04T21:17:08.852Z - INFO: Mapped {/api/v1/em/transactions, GET} route
2025-04-04T21:17:08.853Z - INFO: Mapped {/api/v1/em/transactions/:transactionId, GET} route
2025-04-04T21:17:08.853Z - INFO: PermissionsController {/api/v1/em}:
2025-04-04T21:17:08.853Z - INFO: Mapped {/api/v1/em/permissions, POST} route
2025-04-04T21:17:08.854Z - INFO: Mapped {/api/v1/em/teams/:teamId/team-members/:memberId, GET} route
2025-04-04T21:17:08.854Z - INFO: Mapped {/api/v1/em/permissions, DELETE} route
2025-04-04T21:17:08.855Z - INFO: TicketsController {/api/v1/em/tickets}:
2025-04-04T21:17:08.855Z - INFO: Mapped {/api/v1/em/tickets, POST} route
2025-04-04T21:17:08.856Z - INFO: Mapped {/api/v1/em/tickets/:id, GET} route
2025-04-04T21:17:08.856Z - INFO: Mapped {/api/v1/em/tickets, GET} route
2025-04-04T21:17:08.857Z - INFO: Mapped {/api/v1/em/tickets/:id, PATCH} route
2025-04-04T21:17:08.857Z - INFO: Mapped {/api/v1/em/tickets/:id, DELETE} route
2025-04-04T21:17:08.857Z - INFO: TeamMembersController {/api/v1/em/teams/:teamId/members}:
2025-04-04T21:17:08.858Z - INFO: Mapped {/api/v1/em/teams/:teamId/members, GET} route
2025-04-04T21:17:08.859Z - INFO: Mapped {/api/v1/em/teams/:teamId/members/:id, GET} route
2025-04-04T21:17:08.859Z - INFO: Mapped {/api/v1/em/teams/:teamId/members/:id, PATCH} route
2025-04-04T21:17:08.859Z - INFO: Mapped {/api/v1/em/teams/:teamId/members/:id, DELETE} route
2025-04-04T21:17:08.859Z - INFO: TeamInvitationsController {/api/v1/em}:
2025-04-04T21:17:08.860Z - INFO: Mapped {/api/v1/em/teams/:teamId/invitations, POST} route
2025-04-04T21:17:08.860Z - INFO: Mapped {/api/v1/em/teams/:teamId/invitations, GET} route
2025-04-04T21:17:08.860Z - INFO: Mapped {/api/v1/em/teams/:teamId/invitations/:id, GET} route
2025-04-04T21:17:08.861Z - INFO: Mapped {/api/v1/em/teams/:teamId/invitations/resend, POST} route
2025-04-04T21:17:08.861Z - INFO: Mapped {/api/v1/em/invitations/respond, POST} route
2025-04-04T21:17:08.861Z - INFO: Mapped {/api/v1/em/invitations/details-by-token/:token, GET} route
2025-04-04T21:17:08.862Z - INFO: Mapped {/api/v1/em/teams/:teamId/invitations/:id, DELETE} route
2025-04-04T21:17:08.862Z - INFO: TeamsController {/api/v1/em/teams}:
2025-04-04T21:17:08.862Z - INFO: Mapped {/api/v1/em/teams, POST} route
2025-04-04T21:17:08.863Z - INFO: Mapped {/api/v1/em/teams, GET} route
2025-04-04T21:17:08.863Z - INFO: Mapped {/api/v1/em/teams/:id, GET} route
2025-04-04T21:17:08.863Z - INFO: Mapped {/api/v1/em/teams/:id, PATCH} route
2025-04-04T21:17:08.864Z - INFO: Mapped {/api/v1/em/teams/:id, DELETE} route
2025-04-04T21:17:08.864Z - INFO: TasksController {/api/v1/em/events/:eventId/tasks}:
2025-04-04T21:17:08.865Z - INFO: Mapped {/api/v1/em/events/:eventId/tasks, POST} route
2025-04-04T21:17:08.865Z - INFO: Mapped {/api/v1/em/events/:eventId/tasks, GET} route
2025-04-04T21:17:08.866Z - INFO: Mapped {/api/v1/em/events/:eventId/tasks/:id, GET} route
2025-04-04T21:17:08.866Z - INFO: Mapped {/api/v1/em/events/:eventId/tasks/:id, PATCH} route
2025-04-04T21:17:08.866Z - INFO: Mapped {/api/v1/em/events/:eventId/tasks/:id, DELETE} route
2025-04-04T21:17:08.867Z - INFO: LineItemsController {/api/v1/em/events/:eventId/line-items}:
2025-04-04T21:17:08.868Z - INFO: Mapped {/api/v1/em/events/:eventId/line-items, POST} route
2025-04-04T21:17:08.868Z - INFO: Mapped {/api/v1/em/events/:eventId/line-items/budget/analytics, GET} route
2025-04-04T21:17:08.868Z - INFO: Mapped {/api/v1/em/events/:eventId/line-items, GET} route
2025-04-04T21:17:08.869Z - INFO: Mapped {/api/v1/em/events/:eventId/line-items/categories/all, GET} route
2025-04-04T21:17:08.869Z - INFO: Mapped {/api/v1/em/events/:eventId/line-items/:id, GET} route
2025-04-04T21:17:08.869Z - INFO: Mapped {/api/v1/em/events/:eventId/line-items/:id, PATCH} route
2025-04-04T21:17:08.870Z - INFO: Mapped {/api/v1/em/events/:eventId/line-items/:id, DELETE} route
2025-04-04T21:17:08.870Z - INFO: OrganizerDashboardController {/api/v1/em}:
2025-04-04T21:17:08.870Z - INFO: Mapped {/api/v1/em/organizer-dashboard, GET} route
2025-04-04T21:17:08.871Z - INFO: EventAnalyticsController {/api/v1/em}:
2025-04-04T21:17:08.871Z - INFO: Mapped {/api/v1/em/event-analytics/:eventId, GET} route
2025-04-04T21:17:08.871Z - INFO: GeneralEventAnalyticsController {/api/v1/em}:
2025-04-04T21:17:08.872Z - INFO: Mapped {/api/v1/em/general-event-analytics, GET} route
2025-04-04T21:17:08.872Z - INFO: MarketplaceController {/api/v1/em/marketplace}:
2025-04-04T21:17:08.873Z - INFO: Mapped {/api/v1/em/marketplace/find-events, GET} route
2025-04-04T21:17:08.873Z - INFO: Mapped {/api/v1/em/marketplace/find-top-events, GET} route
2025-04-04T21:17:08.873Z - INFO: NewsletterController {/api/v1/em/newsletter}:
2025-04-04T21:17:08.874Z - INFO: Mapped {/api/v1/em/newsletter, POST} route
2025-04-04T21:17:08.874Z - INFO: Mapped {/api/v1/em/newsletter, GET} route
2025-04-04T21:17:08.875Z - INFO: Mapped {/api/v1/em/newsletter/:id, GET} route
2025-04-04T21:17:08.875Z - INFO: Mapped {/api/v1/em/newsletter/:id, PATCH} route
2025-04-04T21:17:08.875Z - INFO: Mapped {/api/v1/em/newsletter/:id, DELETE} route
2025-04-04T21:17:08.876Z - INFO: SubscribersController {/api/v1/em/subscribers}:
2025-04-04T21:17:08.876Z - INFO: Mapped {/api/v1/em/subscribers, POST} route
2025-04-04T21:17:08.876Z - INFO: Mapped {/api/v1/em/subscribers, PATCH} route
2025-04-04T21:17:08.877Z - INFO: BookingsController {/api/v1/em}:
2025-04-04T21:17:08.877Z - INFO: Mapped {/api/v1/em/events/:eventId/bookings, POST} route
2025-04-04T21:17:08.878Z - INFO: Mapped {/api/v1/em/events/:eventId/bookings/process, POST} route
2025-04-04T21:17:08.878Z - INFO: Mapped {/api/v1/em/bookings, GET} route
2025-04-04T21:17:08.878Z - INFO: Mapped {/api/v1/em/bookings/:id, GET} route
2025-04-04T21:17:08.879Z - INFO: Mapped {/api/v1/em/bookings/:id, DELETE} route
2025-04-04T21:17:08.879Z - INFO: Mapped {/api/v1/em/bookings/transfer, POST} route
2025-04-04T21:17:08.880Z - INFO: Mapped {/api/v1/em/bookings/update-rsvp, PATCH} route
2025-04-04T21:17:08.880Z - INFO: Mapped {/api/v1/em/bookings/complimentary, POST} route
2025-04-04T21:17:08.881Z - INFO: Mapped {/api/v1/em/bookings/verify, POST} route
2025-04-04T21:17:08.881Z - INFO: BookingsTransactionsController {/api/v1/em/bookings-transactions}:
2025-04-04T21:17:08.882Z - INFO: Mapped {/api/v1/em/bookings-transactions, POST} route
2025-04-04T21:17:08.882Z - INFO: Mapped {/api/v1/em/bookings-transactions, GET} route
2025-04-04T21:17:08.883Z - INFO: Mapped {/api/v1/em/bookings-transactions/:id, GET} route
2025-04-04T21:17:08.883Z - INFO: Mapped {/api/v1/em/bookings-transactions/:id, PATCH} route
2025-04-04T21:17:08.883Z - INFO: Mapped {/api/v1/em/bookings-transactions/:id, DELETE} route
2025-04-04T21:17:08.884Z - INFO: AttendeeDashboardController {/api/v1/em/attendee-dashboard}:
2025-04-04T21:17:08.884Z - INFO: Mapped {/api/v1/em/attendee-dashboard, GET} route
2025-04-04T21:17:08.884Z - INFO: GuestsController {/api/v1/em}:
2025-04-04T21:17:08.885Z - INFO: Mapped {/api/v1/em/events/:eventId/guests, GET} route
2025-04-04T21:17:08.885Z - INFO: Mapped {/api/v1/em/guests/:bookingId, GET} route
2025-04-04T21:17:08.886Z - INFO: Mapped {/api/v1/em/events/:eventId/guests/broadcast, POST} route
2025-04-04T21:17:08.886Z - INFO: Mapped {/api/v1/em/events/:eventId/guests/check, POST} route
2025-04-04T21:17:08.887Z - INFO: AdminDashboardController {/api/v1/em/admin/dashboard}:
2025-04-04T21:17:08.887Z - INFO: Mapped {/api/v1/em/admin/dashboard/active-users-chart, GET} route
2025-04-04T21:17:08.887Z - INFO: Mapped {/api/v1/em/admin/dashboard/analytics, GET} route
2025-04-04T21:17:08.888Z - INFO: SystemRegisterController {/api/v1/em/system-register}:
2025-04-04T21:17:08.888Z - INFO: Mapped {/api/v1/em/system-register, POST} route
2025-04-04T21:17:08.888Z - INFO: Mapped {/api/v1/em/system-register, GET} route
2025-04-04T21:17:08.889Z - INFO: Mapped {/api/v1/em/system-register/:id, GET} route
2025-04-04T21:17:08.889Z - INFO: Mapped {/api/v1/em/system-register/:id, PATCH} route
2025-04-04T21:17:08.890Z - INFO: Mapped {/api/v1/em/system-register/:id, DELETE} route
2025-04-04T21:17:08.890Z - INFO: AdminManagementController {/api/v1/em/admin-management}:
2025-04-04T21:17:08.890Z - INFO: Mapped {/api/v1/em/admin-management/get-all-users, GET} route
2025-04-04T21:17:08.891Z - INFO: Mapped {/api/v1/em/admin-management/user-stats, GET} route
2025-04-04T21:17:08.891Z - INFO: Mapped {/api/v1/em/admin-management/:id, GET} route
2025-04-04T21:17:08.891Z - INFO: Mapped {/api/v1/em/admin-management/export-all-users, POST} route
2025-04-04T21:17:08.892Z - INFO: Mapped {/api/v1/em/admin-management/:id/block-user, POST} route
2025-04-04T21:17:08.892Z - INFO: Mapped {/api/v1/em/admin-management/:id/unblock-user, POST} route
2025-04-04T21:17:08.892Z - INFO: EventManagementController {/api/v1/em/admin/events}:
2025-04-04T21:17:08.893Z - INFO: Mapped {/api/v1/em/admin/events, GET} route
2025-04-04T21:17:08.893Z - INFO: Mapped {/api/v1/em/admin/events/export, POST} route
2025-04-04T21:17:08.893Z - INFO: SubscribersManagementController {/api/v1/em/admin/subscribers}:
2025-04-04T21:17:08.894Z - INFO: Mapped {/api/v1/em/admin/subscribers, GET} route
2025-04-04T21:17:08.894Z - INFO: Mapped {/api/v1/em/admin/subscribers/:id, GET} route
2025-04-04T21:17:08.894Z - INFO: Mapped {/api/v1/em/admin/subscribers/export, POST} route
2025-04-04T21:17:08.895Z - INFO: Mapped {/api/v1/em/admin/subscribers/:id, DELETE} route
2025-04-04T21:17:08.920Z - INFO: Nest application successfully started
2025-04-04T21:17:43.072Z - INFO: Starting Nest application...
2025-04-04T21:17:43.107Z - INFO: TypeOrmModule dependencies initialized
2025-04-04T21:17:43.108Z - INFO: MulterModule dependencies initialized
2025-04-04T21:17:43.109Z - INFO: ConfigHostModule dependencies initialized
2025-04-04T21:17:43.110Z - INFO: NewsletterModule dependencies initialized
2025-04-04T21:17:43.110Z - INFO: BookingsTransactionsModule dependencies initialized
2025-04-04T21:17:43.110Z - INFO: SystemRegisterModule dependencies initialized
2025-04-04T21:17:43.111Z - INFO: DiscoveryModule dependencies initialized
2025-04-04T21:17:43.111Z - INFO: ConfigModule dependencies initialized
2025-04-04T21:17:43.112Z - INFO: ConfigModule dependencies initialized
2025-04-04T21:17:43.112Z - INFO: ScheduleModule dependencies initialized
2025-04-04T21:17:43.112Z - INFO: EventEmitterModule dependencies initialized
2025-04-04T21:17:43.159Z - INFO: CacheModule dependencies initialized
2025-04-04T21:17:43.532Z - INFO: TypeOrmCoreModule dependencies initialized
2025-04-04T21:17:43.533Z - INFO: TypeOrmModule dependencies initialized
2025-04-04T21:17:43.533Z - INFO: TypeOrmModule dependencies initialized
2025-04-04T21:17:43.533Z - INFO: TypeOrmModule dependencies initialized
2025-04-04T21:17:43.533Z - INFO: TypeOrmModule dependencies initialized
2025-04-04T21:17:43.534Z - INFO: TypeOrmModule dependencies initialized
2025-04-04T21:17:43.534Z - INFO: TypeOrmModule dependencies initialized
2025-04-04T21:17:43.534Z - INFO: TypeOrmModule dependencies initialized
2025-04-04T21:17:43.535Z - INFO: TypeOrmModule dependencies initialized
2025-04-04T21:17:43.535Z - INFO: TypeOrmModule dependencies initialized
2025-04-04T21:17:43.535Z - INFO: TypeOrmModule dependencies initialized
2025-04-04T21:17:43.535Z - INFO: PaginationModule dependencies initialized
2025-04-04T21:17:43.535Z - INFO: TypeOrmModule dependencies initialized
2025-04-04T21:17:43.535Z - INFO: TypeOrmModule dependencies initialized
2025-04-04T21:17:43.536Z - INFO: TypeOrmModule dependencies initialized
2025-04-04T21:17:43.536Z - INFO: TypeOrmModule dependencies initialized
2025-04-04T21:17:43.536Z - INFO: TypeOrmModule dependencies initialized
2025-04-04T21:17:43.537Z - INFO: AppModule dependencies initialized
2025-04-04T21:17:43.538Z - INFO: UsersModule dependencies initialized
2025-04-04T21:17:43.540Z - INFO: EventsListenerModule dependencies initialized
2025-04-04T21:17:43.542Z - INFO: SubscribersModule dependencies initialized
2025-04-04T21:17:43.545Z - INFO: OrganizerDashboardModule dependencies initialized
2025-04-04T21:17:43.545Z - INFO: GeneralEventAnalyticsModule dependencies initialized
2025-04-04T21:17:43.545Z - INFO: AdminDashboardModule dependencies initialized
2025-04-04T21:17:43.546Z - INFO: EventManagementModule dependencies initialized
2025-04-04T21:17:43.546Z - INFO: AttendeeDashboardModule dependencies initialized
2025-04-04T21:17:43.546Z - INFO: PermissionsModule dependencies initialized
2025-04-04T21:17:43.547Z - INFO: TeamMembersModule dependencies initialized
2025-04-04T21:17:43.547Z - INFO: TeamInvitationsModule dependencies initialized
2025-04-04T21:17:43.547Z - INFO: EventAnalyticsModule dependencies initialized
2025-04-04T21:17:43.548Z - INFO: GuestsModule dependencies initialized
2025-04-04T21:17:43.548Z - INFO: SubscribersManagementModule dependencies initialized
2025-04-04T21:17:43.549Z - INFO: MarketplaceModule dependencies initialized
2025-04-04T21:17:43.549Z - INFO: TasksModule dependencies initialized
2025-04-04T21:17:43.549Z - INFO: LineItemsModule dependencies initialized
2025-04-04T21:17:43.550Z - INFO: AdminManagementModule dependencies initialized
2025-04-04T21:17:43.550Z - INFO: TransactionsModule dependencies initialized
2025-04-04T21:17:43.551Z - INFO: PaymentModule dependencies initialized
2025-04-04T21:17:43.551Z - INFO: TeamsModule dependencies initialized
2025-04-04T21:17:43.552Z - INFO: BookingsModule dependencies initialized
2025-04-04T21:17:43.552Z - INFO: EventsModule dependencies initialized
2025-04-04T21:17:43.552Z - INFO: TicketsModule dependencies initialized
2025-04-04T21:17:43.564Z - INFO: EventsController {/api/v1/em/events}:
2025-04-04T21:17:43.568Z - INFO: Mapped {/api/v1/em/events/user-onboarded-status, GET} route
2025-04-04T21:17:43.570Z - INFO: Mapped {/api/v1/em/events, POST} route
2025-04-04T21:17:43.570Z - INFO: Mapped {/api/v1/em/events, GET} route
2025-04-04T21:17:43.571Z - INFO: Mapped {/api/v1/em/events/:id, GET} route
2025-04-04T21:17:43.571Z - INFO: Mapped {/api/v1/em/events/:id/soft-deleted-event, GET} route
2025-04-04T21:17:43.572Z - INFO: Mapped {/api/v1/em/events/:slug/attendee, GET} route
2025-04-04T21:17:43.572Z - INFO: Mapped {/api/v1/em/events/:id, PATCH} route
2025-04-04T21:17:43.573Z - INFO: Mapped {/api/v1/em/events/:id, DELETE} route
2025-04-04T21:17:43.574Z - INFO: Mapped {/api/v1/em/events/restore/:id, GET} route
2025-04-04T21:17:43.574Z - INFO: Mapped {/api/v1/em/events/:id/team, POST} route
2025-04-04T21:17:43.575Z - INFO: Mapped {/api/v1/em/events/:id/team/remove, POST} route
2025-04-04T21:17:43.575Z - INFO: PaymentController {/api/v1/em/payment}:
2025-04-04T21:17:43.576Z - INFO: Mapped {/api/v1/em/payment/create-sessions, POST} route
2025-04-04T21:17:43.576Z - INFO: Mapped {/api/v1/em/payment/create-subscription, POST} route
2025-04-04T21:17:43.577Z - INFO: Mapped {/api/v1/em/payment/cancel-subscription, POST} route
2025-04-04T21:17:43.577Z - INFO: Mapped {/api/v1/em/payment/stripe-webhooks, POST} route
2025-04-04T21:17:43.578Z - INFO: Mapped {/api/v1/em/payment/express-dashboard, GET} route
2025-04-04T21:17:43.578Z - INFO: Mapped {/api/v1/em/payment/fees, POST} route
2025-04-04T21:17:43.579Z - INFO: Mapped {/api/v1/em/payment/refund, POST} route
2025-04-04T21:17:43.579Z - INFO: TransactionsController {/api/v1/em/transactions}:
2025-04-04T21:17:43.579Z - INFO: Mapped {/api/v1/em/transactions, GET} route
2025-04-04T21:17:43.580Z - INFO: Mapped {/api/v1/em/transactions/:transactionId, GET} route
2025-04-04T21:17:43.580Z - INFO: PermissionsController {/api/v1/em}:
2025-04-04T21:17:43.581Z - INFO: Mapped {/api/v1/em/permissions, POST} route
2025-04-04T21:17:43.581Z - INFO: Mapped {/api/v1/em/teams/:teamId/team-members/:memberId, GET} route
2025-04-04T21:17:43.582Z - INFO: Mapped {/api/v1/em/permissions, DELETE} route
2025-04-04T21:17:43.582Z - INFO: TicketsController {/api/v1/em/tickets}:
2025-04-04T21:17:43.583Z - INFO: Mapped {/api/v1/em/tickets, POST} route
2025-04-04T21:17:43.583Z - INFO: Mapped {/api/v1/em/tickets/:id, GET} route
2025-04-04T21:17:43.584Z - INFO: Mapped {/api/v1/em/tickets, GET} route
2025-04-04T21:17:43.584Z - INFO: Mapped {/api/v1/em/tickets/:id, PATCH} route
2025-04-04T21:17:43.585Z - INFO: Mapped {/api/v1/em/tickets/:id, DELETE} route
2025-04-04T21:17:43.585Z - INFO: TeamMembersController {/api/v1/em/teams/:teamId/members}:
2025-04-04T21:17:43.586Z - INFO: Mapped {/api/v1/em/teams/:teamId/members, GET} route
2025-04-04T21:17:43.586Z - INFO: Mapped {/api/v1/em/teams/:teamId/members/:id, GET} route
2025-04-04T21:17:43.586Z - INFO: Mapped {/api/v1/em/teams/:teamId/members/:id, PATCH} route
2025-04-04T21:17:43.587Z - INFO: Mapped {/api/v1/em/teams/:teamId/members/:id, DELETE} route
2025-04-04T21:17:43.587Z - INFO: TeamInvitationsController {/api/v1/em}:
2025-04-04T21:17:43.587Z - INFO: Mapped {/api/v1/em/teams/:teamId/invitations, POST} route
2025-04-04T21:17:43.588Z - INFO: Mapped {/api/v1/em/teams/:teamId/invitations, GET} route
2025-04-04T21:17:43.588Z - INFO: Mapped {/api/v1/em/teams/:teamId/invitations/:id, GET} route
2025-04-04T21:17:43.588Z - INFO: Mapped {/api/v1/em/teams/:teamId/invitations/resend, POST} route
2025-04-04T21:17:43.589Z - INFO: Mapped {/api/v1/em/invitations/respond, POST} route
2025-04-04T21:17:43.589Z - INFO: Mapped {/api/v1/em/invitations/details-by-token/:token, GET} route
2025-04-04T21:17:43.590Z - INFO: Mapped {/api/v1/em/teams/:teamId/invitations/:id, DELETE} route
2025-04-04T21:17:43.590Z - INFO: TeamsController {/api/v1/em/teams}:
2025-04-04T21:17:43.591Z - INFO: Mapped {/api/v1/em/teams, POST} route
2025-04-04T21:17:43.591Z - INFO: Mapped {/api/v1/em/teams, GET} route
2025-04-04T21:17:43.591Z - INFO: Mapped {/api/v1/em/teams/:id, GET} route
2025-04-04T21:17:43.592Z - INFO: Mapped {/api/v1/em/teams/:id, PATCH} route
2025-04-04T21:17:43.592Z - INFO: Mapped {/api/v1/em/teams/:id, DELETE} route
2025-04-04T21:17:43.592Z - INFO: TasksController {/api/v1/em/events/:eventId/tasks}:
2025-04-04T21:17:43.593Z - INFO: Mapped {/api/v1/em/events/:eventId/tasks, POST} route
2025-04-04T21:17:43.593Z - INFO: Mapped {/api/v1/em/events/:eventId/tasks, GET} route
2025-04-04T21:17:43.594Z - INFO: Mapped {/api/v1/em/events/:eventId/tasks/:id, GET} route
2025-04-04T21:17:43.594Z - INFO: Mapped {/api/v1/em/events/:eventId/tasks/:id, PATCH} route
2025-04-04T21:17:43.594Z - INFO: Mapped {/api/v1/em/events/:eventId/tasks/:id, DELETE} route
2025-04-04T21:17:43.595Z - INFO: LineItemsController {/api/v1/em/events/:eventId/line-items}:
2025-04-04T21:17:43.595Z - INFO: Mapped {/api/v1/em/events/:eventId/line-items, POST} route
2025-04-04T21:17:43.596Z - INFO: Mapped {/api/v1/em/events/:eventId/line-items/budget/analytics, GET} route
2025-04-04T21:17:43.596Z - INFO: Mapped {/api/v1/em/events/:eventId/line-items, GET} route
2025-04-04T21:17:43.596Z - INFO: Mapped {/api/v1/em/events/:eventId/line-items/categories/all, GET} route
2025-04-04T21:17:43.597Z - INFO: Mapped {/api/v1/em/events/:eventId/line-items/:id, GET} route
2025-04-04T21:17:43.597Z - INFO: Mapped {/api/v1/em/events/:eventId/line-items/:id, PATCH} route
2025-04-04T21:17:43.597Z - INFO: Mapped {/api/v1/em/events/:eventId/line-items/:id, DELETE} route
2025-04-04T21:17:43.598Z - INFO: OrganizerDashboardController {/api/v1/em}:
2025-04-04T21:17:43.598Z - INFO: Mapped {/api/v1/em/organizer-dashboard, GET} route
2025-04-04T21:17:43.598Z - INFO: EventAnalyticsController {/api/v1/em}:
2025-04-04T21:17:43.599Z - INFO: Mapped {/api/v1/em/event-analytics/:eventId, GET} route
2025-04-04T21:17:43.599Z - INFO: GeneralEventAnalyticsController {/api/v1/em}:
2025-04-04T21:17:43.599Z - INFO: Mapped {/api/v1/em/general-event-analytics, GET} route
2025-04-04T21:17:43.600Z - INFO: MarketplaceController {/api/v1/em/marketplace}:
2025-04-04T21:17:43.600Z - INFO: Mapped {/api/v1/em/marketplace/find-events, GET} route
2025-04-04T21:17:43.601Z - INFO: Mapped {/api/v1/em/marketplace/find-top-events, GET} route
2025-04-04T21:17:43.601Z - INFO: NewsletterController {/api/v1/em/newsletter}:
2025-04-04T21:17:43.602Z - INFO: Mapped {/api/v1/em/newsletter, POST} route
2025-04-04T21:17:43.602Z - INFO: Mapped {/api/v1/em/newsletter, GET} route
2025-04-04T21:17:43.603Z - INFO: Mapped {/api/v1/em/newsletter/:id, GET} route
2025-04-04T21:17:43.603Z - INFO: Mapped {/api/v1/em/newsletter/:id, PATCH} route
2025-04-04T21:17:43.603Z - INFO: Mapped {/api/v1/em/newsletter/:id, DELETE} route
2025-04-04T21:17:43.604Z - INFO: SubscribersController {/api/v1/em/subscribers}:
2025-04-04T21:17:43.604Z - INFO: Mapped {/api/v1/em/subscribers, POST} route
2025-04-04T21:17:43.605Z - INFO: Mapped {/api/v1/em/subscribers, PATCH} route
2025-04-04T21:17:43.605Z - INFO: BookingsController {/api/v1/em}:
2025-04-04T21:17:43.605Z - INFO: Mapped {/api/v1/em/events/:eventId/bookings, POST} route
2025-04-04T21:17:43.606Z - INFO: Mapped {/api/v1/em/events/:eventId/bookings/process, POST} route
2025-04-04T21:17:43.606Z - INFO: Mapped {/api/v1/em/bookings, GET} route
2025-04-04T21:17:43.606Z - INFO: Mapped {/api/v1/em/bookings/:id, GET} route
2025-04-04T21:17:43.607Z - INFO: Mapped {/api/v1/em/bookings/:id, DELETE} route
2025-04-04T21:17:43.607Z - INFO: Mapped {/api/v1/em/bookings/transfer, POST} route
2025-04-04T21:17:43.608Z - INFO: Mapped {/api/v1/em/bookings/update-rsvp, PATCH} route
2025-04-04T21:17:43.608Z - INFO: Mapped {/api/v1/em/bookings/complimentary, POST} route
2025-04-04T21:17:43.609Z - INFO: Mapped {/api/v1/em/bookings/verify, POST} route
2025-04-04T21:17:43.609Z - INFO: BookingsTransactionsController {/api/v1/em/bookings-transactions}:
2025-04-04T21:17:43.609Z - INFO: Mapped {/api/v1/em/bookings-transactions, POST} route
2025-04-04T21:17:43.610Z - INFO: Mapped {/api/v1/em/bookings-transactions, GET} route
2025-04-04T21:17:43.610Z - INFO: Mapped {/api/v1/em/bookings-transactions/:id, GET} route
2025-04-04T21:17:43.610Z - INFO: Mapped {/api/v1/em/bookings-transactions/:id, PATCH} route
2025-04-04T21:17:43.611Z - INFO: Mapped {/api/v1/em/bookings-transactions/:id, DELETE} route
2025-04-04T21:17:43.611Z - INFO: AttendeeDashboardController {/api/v1/em/attendee-dashboard}:
2025-04-04T21:17:43.611Z - INFO: Mapped {/api/v1/em/attendee-dashboard, GET} route
2025-04-04T21:17:43.612Z - INFO: GuestsController {/api/v1/em}:
2025-04-04T21:17:43.612Z - INFO: Mapped {/api/v1/em/events/:eventId/guests, GET} route
2025-04-04T21:17:43.612Z - INFO: Mapped {/api/v1/em/guests/:bookingId, GET} route
2025-04-04T21:17:43.613Z - INFO: Mapped {/api/v1/em/events/:eventId/guests/broadcast, POST} route
2025-04-04T21:17:43.613Z - INFO: Mapped {/api/v1/em/events/:eventId/guests/check, POST} route
2025-04-04T21:17:43.613Z - INFO: AdminDashboardController {/api/v1/em/admin/dashboard}:
2025-04-04T21:17:43.614Z - INFO: Mapped {/api/v1/em/admin/dashboard/active-users-chart, GET} route
2025-04-04T21:17:43.614Z - INFO: Mapped {/api/v1/em/admin/dashboard/analytics, GET} route
2025-04-04T21:17:43.614Z - INFO: SystemRegisterController {/api/v1/em/system-register}:
2025-04-04T21:17:43.614Z - INFO: Mapped {/api/v1/em/system-register, POST} route
2025-04-04T21:17:43.615Z - INFO: Mapped {/api/v1/em/system-register, GET} route
2025-04-04T21:17:43.615Z - INFO: Mapped {/api/v1/em/system-register/:id, GET} route
2025-04-04T21:17:43.615Z - INFO: Mapped {/api/v1/em/system-register/:id, PATCH} route
2025-04-04T21:17:43.616Z - INFO: Mapped {/api/v1/em/system-register/:id, DELETE} route
2025-04-04T21:17:43.616Z - INFO: AdminManagementController {/api/v1/em/admin-management}:
2025-04-04T21:17:43.616Z - INFO: Mapped {/api/v1/em/admin-management/get-all-users, GET} route
2025-04-04T21:17:43.617Z - INFO: Mapped {/api/v1/em/admin-management/user-stats, GET} route
2025-04-04T21:17:43.617Z - INFO: Mapped {/api/v1/em/admin-management/:id, GET} route
2025-04-04T21:17:43.618Z - INFO: Mapped {/api/v1/em/admin-management/export-all-users, POST} route
2025-04-04T21:17:43.618Z - INFO: Mapped {/api/v1/em/admin-management/:id/block-user, POST} route
2025-04-04T21:17:43.618Z - INFO: Mapped {/api/v1/em/admin-management/:id/unblock-user, POST} route
2025-04-04T21:17:43.619Z - INFO: EventManagementController {/api/v1/em/admin/events}:
2025-04-04T21:17:43.619Z - INFO: Mapped {/api/v1/em/admin/events, GET} route
2025-04-04T21:17:43.620Z - INFO: Mapped {/api/v1/em/admin/events/export, POST} route
2025-04-04T21:17:43.620Z - INFO: SubscribersManagementController {/api/v1/em/admin/subscribers}:
2025-04-04T21:17:43.620Z - INFO: Mapped {/api/v1/em/admin/subscribers, GET} route
2025-04-04T21:17:43.621Z - INFO: Mapped {/api/v1/em/admin/subscribers/:id, GET} route
2025-04-04T21:17:43.621Z - INFO: Mapped {/api/v1/em/admin/subscribers/export, POST} route
2025-04-04T21:17:43.621Z - INFO: Mapped {/api/v1/em/admin/subscribers/:id, DELETE} route
2025-04-04T21:17:43.644Z - INFO: Nest application successfully started
2025-04-04T21:19:22.579Z - INFO: Starting Nest application...
2025-04-04T21:19:22.614Z - INFO: TypeOrmModule dependencies initialized
2025-04-04T21:19:22.614Z - INFO: MulterModule dependencies initialized
2025-04-04T21:19:22.615Z - INFO: ConfigHostModule dependencies initialized
2025-04-04T21:19:22.616Z - INFO: NewsletterModule dependencies initialized
2025-04-04T21:19:22.616Z - INFO: BookingsTransactionsModule dependencies initialized
2025-04-04T21:19:22.616Z - INFO: SystemRegisterModule dependencies initialized
2025-04-04T21:19:22.617Z - INFO: DiscoveryModule dependencies initialized
2025-04-04T21:19:22.617Z - INFO: ConfigModule dependencies initialized
2025-04-04T21:19:22.618Z - INFO: ConfigModule dependencies initialized
2025-04-04T21:19:22.619Z - INFO: ScheduleModule dependencies initialized
2025-04-04T21:19:22.619Z - INFO: EventEmitterModule dependencies initialized
2025-04-04T21:19:22.665Z - INFO: CacheModule dependencies initialized
2025-04-04T21:19:23.041Z - INFO: TypeOrmCoreModule dependencies initialized
2025-04-04T21:19:23.042Z - INFO: TypeOrmModule dependencies initialized
2025-04-04T21:19:23.042Z - INFO: TypeOrmModule dependencies initialized
2025-04-04T21:19:23.043Z - INFO: TypeOrmModule dependencies initialized
2025-04-04T21:19:23.043Z - INFO: TypeOrmModule dependencies initialized
2025-04-04T21:19:23.044Z - INFO: TypeOrmModule dependencies initialized
2025-04-04T21:19:23.044Z - INFO: TypeOrmModule dependencies initialized
2025-04-04T21:19:23.044Z - INFO: TypeOrmModule dependencies initialized
2025-04-04T21:19:23.045Z - INFO: TypeOrmModule dependencies initialized
2025-04-04T21:19:23.045Z - INFO: TypeOrmModule dependencies initialized
2025-04-04T21:19:23.045Z - INFO: TypeOrmModule dependencies initialized
2025-04-04T21:19:23.045Z - INFO: PaginationModule dependencies initialized
2025-04-04T21:19:23.045Z - INFO: TypeOrmModule dependencies initialized
2025-04-04T21:19:23.046Z - INFO: TypeOrmModule dependencies initialized
2025-04-04T21:19:23.046Z - INFO: TypeOrmModule dependencies initialized
2025-04-04T21:19:23.046Z - INFO: TypeOrmModule dependencies initialized
2025-04-04T21:19:23.046Z - INFO: TypeOrmModule dependencies initialized
2025-04-04T21:19:23.048Z - INFO: AppModule dependencies initialized
2025-04-04T21:19:23.049Z - INFO: UsersModule dependencies initialized
2025-04-04T21:19:23.052Z - INFO: EventsListenerModule dependencies initialized
2025-04-04T21:19:23.054Z - INFO: SubscribersModule dependencies initialized
2025-04-04T21:19:23.057Z - INFO: OrganizerDashboardModule dependencies initialized
2025-04-04T21:19:23.058Z - INFO: GeneralEventAnalyticsModule dependencies initialized
2025-04-04T21:19:23.058Z - INFO: AdminDashboardModule dependencies initialized
2025-04-04T21:19:23.058Z - INFO: EventManagementModule dependencies initialized
2025-04-04T21:19:23.058Z - INFO: AttendeeDashboardModule dependencies initialized
2025-04-04T21:19:23.059Z - INFO: PermissionsModule dependencies initialized
2025-04-04T21:19:23.059Z - INFO: TeamMembersModule dependencies initialized
2025-04-04T21:19:23.059Z - INFO: TeamInvitationsModule dependencies initialized
2025-04-04T21:19:23.060Z - INFO: EventAnalyticsModule dependencies initialized
2025-04-04T21:19:23.060Z - INFO: GuestsModule dependencies initialized
2025-04-04T21:19:23.060Z - INFO: SubscribersManagementModule dependencies initialized
2025-04-04T21:19:23.061Z - INFO: MarketplaceModule dependencies initialized
2025-04-04T21:19:23.061Z - INFO: TasksModule dependencies initialized
2025-04-04T21:19:23.062Z - INFO: LineItemsModule dependencies initialized
2025-04-04T21:19:23.062Z - INFO: AdminManagementModule dependencies initialized
2025-04-04T21:19:23.062Z - INFO: TransactionsModule dependencies initialized
2025-04-04T21:19:23.063Z - INFO: PaymentModule dependencies initialized
2025-04-04T21:19:23.063Z - INFO: TeamsModule dependencies initialized
2025-04-04T21:19:23.064Z - INFO: BookingsModule dependencies initialized
2025-04-04T21:19:23.064Z - INFO: EventsModule dependencies initialized
2025-04-04T21:19:23.064Z - INFO: TicketsModule dependencies initialized
2025-04-04T21:19:23.078Z - INFO: EventsController {/api/v1/em/events}:
2025-04-04T21:19:23.081Z - INFO: Mapped {/api/v1/em/events/user-onboarded-status, GET} route
2025-04-04T21:19:23.082Z - INFO: Mapped {/api/v1/em/events, POST} route
2025-04-04T21:19:23.082Z - INFO: Mapped {/api/v1/em/events, GET} route
2025-04-04T21:19:23.083Z - INFO: Mapped {/api/v1/em/events/:id, GET} route
2025-04-04T21:19:23.084Z - INFO: Mapped {/api/v1/em/events/:id/soft-deleted-event, GET} route
2025-04-04T21:19:23.084Z - INFO: Mapped {/api/v1/em/events/:slug/attendee, GET} route
2025-04-04T21:19:23.085Z - INFO: Mapped {/api/v1/em/events/:id, PATCH} route
2025-04-04T21:19:23.086Z - INFO: Mapped {/api/v1/em/events/:id, DELETE} route
2025-04-04T21:19:23.086Z - INFO: Mapped {/api/v1/em/events/restore/:id, GET} route
2025-04-04T21:19:23.087Z - INFO: Mapped {/api/v1/em/events/:id/team, POST} route
2025-04-04T21:19:23.087Z - INFO: Mapped {/api/v1/em/events/:id/team/remove, POST} route
2025-04-04T21:19:23.088Z - INFO: PaymentController {/api/v1/em/payment}:
2025-04-04T21:19:23.088Z - INFO: Mapped {/api/v1/em/payment/create-sessions, POST} route
2025-04-04T21:19:23.089Z - INFO: Mapped {/api/v1/em/payment/create-subscription, POST} route
2025-04-04T21:19:23.090Z - INFO: Mapped {/api/v1/em/payment/cancel-subscription, POST} route
2025-04-04T21:19:23.090Z - INFO: Mapped {/api/v1/em/payment/stripe-webhooks, POST} route
2025-04-04T21:19:23.091Z - INFO: Mapped {/api/v1/em/payment/express-dashboard, GET} route
2025-04-04T21:19:23.091Z - INFO: Mapped {/api/v1/em/payment/fees, POST} route
2025-04-04T21:19:23.091Z - INFO: Mapped {/api/v1/em/payment/refund, POST} route
2025-04-04T21:19:23.092Z - INFO: TransactionsController {/api/v1/em/transactions}:
2025-04-04T21:19:23.092Z - INFO: Mapped {/api/v1/em/transactions, GET} route
2025-04-04T21:19:23.093Z - INFO: Mapped {/api/v1/em/transactions/:transactionId, GET} route
2025-04-04T21:19:23.093Z - INFO: PermissionsController {/api/v1/em}:
2025-04-04T21:19:23.093Z - INFO: Mapped {/api/v1/em/permissions, POST} route
2025-04-04T21:19:23.094Z - INFO: Mapped {/api/v1/em/teams/:teamId/team-members/:memberId, GET} route
2025-04-04T21:19:23.094Z - INFO: Mapped {/api/v1/em/permissions, DELETE} route
2025-04-04T21:19:23.094Z - INFO: TicketsController {/api/v1/em/tickets}:
2025-04-04T21:19:23.095Z - INFO: Mapped {/api/v1/em/tickets, POST} route
2025-04-04T21:19:23.095Z - INFO: Mapped {/api/v1/em/tickets/:id, GET} route
2025-04-04T21:19:23.096Z - INFO: Mapped {/api/v1/em/tickets, GET} route
2025-04-04T21:19:23.096Z - INFO: Mapped {/api/v1/em/tickets/:id, PATCH} route
2025-04-04T21:19:23.097Z - INFO: Mapped {/api/v1/em/tickets/:id, DELETE} route
2025-04-04T21:19:23.097Z - INFO: TeamMembersController {/api/v1/em/teams/:teamId/members}:
2025-04-04T21:19:23.097Z - INFO: Mapped {/api/v1/em/teams/:teamId/members, GET} route
2025-04-04T21:19:23.098Z - INFO: Mapped {/api/v1/em/teams/:teamId/members/:id, GET} route
2025-04-04T21:19:23.098Z - INFO: Mapped {/api/v1/em/teams/:teamId/members/:id, PATCH} route
2025-04-04T21:19:23.099Z - INFO: Mapped {/api/v1/em/teams/:teamId/members/:id, DELETE} route
2025-04-04T21:19:23.099Z - INFO: TeamInvitationsController {/api/v1/em}:
2025-04-04T21:19:23.099Z - INFO: Mapped {/api/v1/em/teams/:teamId/invitations, POST} route
2025-04-04T21:19:23.100Z - INFO: Mapped {/api/v1/em/teams/:teamId/invitations, GET} route
2025-04-04T21:19:23.100Z - INFO: Mapped {/api/v1/em/teams/:teamId/invitations/:id, GET} route
2025-04-04T21:19:23.100Z - INFO: Mapped {/api/v1/em/teams/:teamId/invitations/resend, POST} route
2025-04-04T21:19:23.101Z - INFO: Mapped {/api/v1/em/invitations/respond, POST} route
2025-04-04T21:19:23.101Z - INFO: Mapped {/api/v1/em/invitations/details-by-token/:token, GET} route
2025-04-04T21:19:23.101Z - INFO: Mapped {/api/v1/em/teams/:teamId/invitations/:id, DELETE} route
2025-04-04T21:19:23.101Z - INFO: TeamsController {/api/v1/em/teams}:
2025-04-04T21:19:23.102Z - INFO: Mapped {/api/v1/em/teams, POST} route
2025-04-04T21:19:23.102Z - INFO: Mapped {/api/v1/em/teams, GET} route
2025-04-04T21:19:23.102Z - INFO: Mapped {/api/v1/em/teams/:id, GET} route
2025-04-04T21:19:23.103Z - INFO: Mapped {/api/v1/em/teams/:id, PATCH} route
2025-04-04T21:19:23.103Z - INFO: Mapped {/api/v1/em/teams/:id, DELETE} route
2025-04-04T21:19:23.103Z - INFO: TasksController {/api/v1/em/events/:eventId/tasks}:
2025-04-04T21:19:23.104Z - INFO: Mapped {/api/v1/em/events/:eventId/tasks, POST} route
2025-04-04T21:19:23.104Z - INFO: Mapped {/api/v1/em/events/:eventId/tasks, GET} route
2025-04-04T21:19:23.104Z - INFO: Mapped {/api/v1/em/events/:eventId/tasks/:id, GET} route
2025-04-04T21:19:23.105Z - INFO: Mapped {/api/v1/em/events/:eventId/tasks/:id, PATCH} route
2025-04-04T21:19:23.105Z - INFO: Mapped {/api/v1/em/events/:eventId/tasks/:id, DELETE} route
2025-04-04T21:19:23.106Z - INFO: LineItemsController {/api/v1/em/events/:eventId/line-items}:
2025-04-04T21:19:23.107Z - INFO: Mapped {/api/v1/em/events/:eventId/line-items, POST} route
2025-04-04T21:19:23.107Z - INFO: Mapped {/api/v1/em/events/:eventId/line-items/budget/analytics, GET} route
2025-04-04T21:19:23.108Z - INFO: Mapped {/api/v1/em/events/:eventId/line-items, GET} route
2025-04-04T21:19:23.108Z - INFO: Mapped {/api/v1/em/events/:eventId/line-items/categories/all, GET} route
2025-04-04T21:19:23.108Z - INFO: Mapped {/api/v1/em/events/:eventId/line-items/:id, GET} route
2025-04-04T21:19:23.109Z - INFO: Mapped {/api/v1/em/events/:eventId/line-items/:id, PATCH} route
2025-04-04T21:19:23.109Z - INFO: Mapped {/api/v1/em/events/:eventId/line-items/:id, DELETE} route
2025-04-04T21:19:23.109Z - INFO: OrganizerDashboardController {/api/v1/em}:
2025-04-04T21:19:23.110Z - INFO: Mapped {/api/v1/em/organizer-dashboard, GET} route
2025-04-04T21:19:23.110Z - INFO: EventAnalyticsController {/api/v1/em}:
2025-04-04T21:19:23.110Z - INFO: Mapped {/api/v1/em/event-analytics/:eventId, GET} route
2025-04-04T21:19:23.111Z - INFO: GeneralEventAnalyticsController {/api/v1/em}:
2025-04-04T21:19:23.111Z - INFO: Mapped {/api/v1/em/general-event-analytics, GET} route
2025-04-04T21:19:23.111Z - INFO: MarketplaceController {/api/v1/em/marketplace}:
2025-04-04T21:19:23.112Z - INFO: Mapped {/api/v1/em/marketplace/find-events, GET} route
2025-04-04T21:19:23.112Z - INFO: Mapped {/api/v1/em/marketplace/find-top-events, GET} route
2025-04-04T21:19:23.112Z - INFO: NewsletterController {/api/v1/em/newsletter}:
2025-04-04T21:19:23.113Z - INFO: Mapped {/api/v1/em/newsletter, POST} route
2025-04-04T21:19:23.113Z - INFO: Mapped {/api/v1/em/newsletter, GET} route
2025-04-04T21:19:23.113Z - INFO: Mapped {/api/v1/em/newsletter/:id, GET} route
2025-04-04T21:19:23.113Z - INFO: Mapped {/api/v1/em/newsletter/:id, PATCH} route
2025-04-04T21:19:23.114Z - INFO: Mapped {/api/v1/em/newsletter/:id, DELETE} route
2025-04-04T21:19:23.114Z - INFO: SubscribersController {/api/v1/em/subscribers}:
2025-04-04T21:19:23.114Z - INFO: Mapped {/api/v1/em/subscribers, POST} route
2025-04-04T21:19:23.115Z - INFO: Mapped {/api/v1/em/subscribers, PATCH} route
2025-04-04T21:19:23.115Z - INFO: BookingsController {/api/v1/em}:
2025-04-04T21:19:23.115Z - INFO: Mapped {/api/v1/em/events/:eventId/bookings, POST} route
2025-04-04T21:19:23.116Z - INFO: Mapped {/api/v1/em/events/:eventId/bookings/process, POST} route
2025-04-04T21:19:23.116Z - INFO: Mapped {/api/v1/em/bookings, GET} route
2025-04-04T21:19:23.117Z - INFO: Mapped {/api/v1/em/bookings/:id, GET} route
2025-04-04T21:19:23.117Z - INFO: Mapped {/api/v1/em/bookings/:id, DELETE} route
2025-04-04T21:19:23.117Z - INFO: Mapped {/api/v1/em/bookings/transfer, POST} route
2025-04-04T21:19:23.118Z - INFO: Mapped {/api/v1/em/bookings/update-rsvp, PATCH} route
2025-04-04T21:19:23.118Z - INFO: Mapped {/api/v1/em/bookings/complimentary, POST} route
2025-04-04T21:19:23.118Z - INFO: Mapped {/api/v1/em/bookings/verify, POST} route
2025-04-04T21:19:23.119Z - INFO: BookingsTransactionsController {/api/v1/em/bookings-transactions}:
2025-04-04T21:19:23.119Z - INFO: Mapped {/api/v1/em/bookings-transactions, POST} route
2025-04-04T21:19:23.119Z - INFO: Mapped {/api/v1/em/bookings-transactions, GET} route
2025-04-04T21:19:23.120Z - INFO: Mapped {/api/v1/em/bookings-transactions/:id, GET} route
2025-04-04T21:19:23.120Z - INFO: Mapped {/api/v1/em/bookings-transactions/:id, PATCH} route
2025-04-04T21:19:23.120Z - INFO: Mapped {/api/v1/em/bookings-transactions/:id, DELETE} route
2025-04-04T21:19:23.121Z - INFO: AttendeeDashboardController {/api/v1/em/attendee-dashboard}:
2025-04-04T21:19:23.121Z - INFO: Mapped {/api/v1/em/attendee-dashboard, GET} route
2025-04-04T21:19:23.121Z - INFO: GuestsController {/api/v1/em}:
2025-04-04T21:19:23.122Z - INFO: Mapped {/api/v1/em/events/:eventId/guests, GET} route
2025-04-04T21:19:23.122Z - INFO: Mapped {/api/v1/em/guests/:bookingId, GET} route
2025-04-04T21:19:23.122Z - INFO: Mapped {/api/v1/em/events/:eventId/guests/broadcast, POST} route
2025-04-04T21:19:23.123Z - INFO: Mapped {/api/v1/em/events/:eventId/guests/check, POST} route
2025-04-04T21:19:23.123Z - INFO: AdminDashboardController {/api/v1/em/admin/dashboard}:
2025-04-04T21:19:23.124Z - INFO: Mapped {/api/v1/em/admin/dashboard/active-users-chart, GET} route
2025-04-04T21:19:23.124Z - INFO: Mapped {/api/v1/em/admin/dashboard/analytics, GET} route
2025-04-04T21:19:23.124Z - INFO: SystemRegisterController {/api/v1/em/system-register}:
2025-04-04T21:19:23.125Z - INFO: Mapped {/api/v1/em/system-register, POST} route
2025-04-04T21:19:23.125Z - INFO: Mapped {/api/v1/em/system-register, GET} route
2025-04-04T21:19:23.126Z - INFO: Mapped {/api/v1/em/system-register/:id, GET} route
2025-04-04T21:19:23.126Z - INFO: Mapped {/api/v1/em/system-register/:id, PATCH} route
2025-04-04T21:19:23.126Z - INFO: Mapped {/api/v1/em/system-register/:id, DELETE} route
2025-04-04T21:19:23.126Z - INFO: AdminManagementController {/api/v1/em/admin-management}:
2025-04-04T21:19:23.127Z - INFO: Mapped {/api/v1/em/admin-management/get-all-users, GET} route
2025-04-04T21:19:23.127Z - INFO: Mapped {/api/v1/em/admin-management/user-stats, GET} route
2025-04-04T21:19:23.128Z - INFO: Mapped {/api/v1/em/admin-management/:id, GET} route
2025-04-04T21:19:23.128Z - INFO: Mapped {/api/v1/em/admin-management/export-all-users, POST} route
2025-04-04T21:19:23.129Z - INFO: Mapped {/api/v1/em/admin-management/:id/block-user, POST} route
2025-04-04T21:19:23.129Z - INFO: Mapped {/api/v1/em/admin-management/:id/unblock-user, POST} route
2025-04-04T21:19:23.129Z - INFO: EventManagementController {/api/v1/em/admin/events}:
2025-04-04T21:19:23.130Z - INFO: Mapped {/api/v1/em/admin/events, GET} route
2025-04-04T21:19:23.130Z - INFO: Mapped {/api/v1/em/admin/events/export, POST} route
2025-04-04T21:19:23.130Z - INFO: SubscribersManagementController {/api/v1/em/admin/subscribers}:
2025-04-04T21:19:23.131Z - INFO: Mapped {/api/v1/em/admin/subscribers, GET} route
2025-04-04T21:19:23.131Z - INFO: Mapped {/api/v1/em/admin/subscribers/:id, GET} route
2025-04-04T21:19:23.131Z - INFO: Mapped {/api/v1/em/admin/subscribers/export, POST} route
2025-04-04T21:19:23.132Z - INFO: Mapped {/api/v1/em/admin/subscribers/:id, DELETE} route
2025-04-04T21:19:23.152Z - INFO: Nest application successfully started
2025-04-04T21:53:26.644Z - INFO: Starting Nest application...
2025-04-04T21:53:26.680Z - INFO: TypeOrmModule dependencies initialized
2025-04-04T21:53:26.680Z - INFO: MulterModule dependencies initialized
2025-04-04T21:53:26.682Z - INFO: ConfigHostModule dependencies initialized
2025-04-04T21:53:26.682Z - INFO: NewsletterModule dependencies initialized
2025-04-04T21:53:26.683Z - INFO: BookingsTransactionsModule dependencies initialized
2025-04-04T21:53:26.683Z - INFO: SystemRegisterModule dependencies initialized
2025-04-04T21:53:26.683Z - INFO: DiscoveryModule dependencies initialized
2025-04-04T21:53:26.684Z - INFO: ConfigModule dependencies initialized
2025-04-04T21:53:26.684Z - INFO: ConfigModule dependencies initialized
2025-04-04T21:53:26.685Z - INFO: ScheduleModule dependencies initialized
2025-04-04T21:53:26.685Z - INFO: EventEmitterModule dependencies initialized
2025-04-04T21:53:26.735Z - INFO: CacheModule dependencies initialized
2025-04-04T21:53:27.103Z - INFO: TypeOrmCoreModule dependencies initialized
2025-04-04T21:53:27.104Z - INFO: TypeOrmModule dependencies initialized
2025-04-04T21:53:27.105Z - INFO: TypeOrmModule dependencies initialized
2025-04-04T21:53:27.105Z - INFO: TypeOrmModule dependencies initialized
2025-04-04T21:53:27.105Z - INFO: TypeOrmModule dependencies initialized
2025-04-04T21:53:27.106Z - INFO: TypeOrmModule dependencies initialized
2025-04-04T21:53:27.106Z - INFO: TypeOrmModule dependencies initialized
2025-04-04T21:53:27.106Z - INFO: TypeOrmModule dependencies initialized
2025-04-04T21:53:27.107Z - INFO: TypeOrmModule dependencies initialized
2025-04-04T21:53:27.107Z - INFO: TypeOrmModule dependencies initialized
2025-04-04T21:53:27.107Z - INFO: TypeOrmModule dependencies initialized
2025-04-04T21:53:27.107Z - INFO: PaginationModule dependencies initialized
2025-04-04T21:53:27.108Z - INFO: TypeOrmModule dependencies initialized
2025-04-04T21:53:27.108Z - INFO: TypeOrmModule dependencies initialized
2025-04-04T21:53:27.108Z - INFO: TypeOrmModule dependencies initialized
2025-04-04T21:53:27.108Z - INFO: TypeOrmModule dependencies initialized
2025-04-04T21:53:27.108Z - INFO: TypeOrmModule dependencies initialized
2025-04-04T21:53:27.110Z - INFO: AppModule dependencies initialized
2025-04-04T21:53:27.111Z - INFO: UsersModule dependencies initialized
2025-04-04T21:53:27.113Z - INFO: EventsListenerModule dependencies initialized
2025-04-04T21:53:27.115Z - INFO: SubscribersModule dependencies initialized
2025-04-04T21:53:27.118Z - INFO: OrganizerDashboardModule dependencies initialized
2025-04-04T21:53:27.119Z - INFO: GeneralEventAnalyticsModule dependencies initialized
2025-04-04T21:53:27.119Z - INFO: AdminDashboardModule dependencies initialized
2025-04-04T21:53:27.119Z - INFO: EventManagementModule dependencies initialized
2025-04-04T21:53:27.119Z - INFO: AttendeeDashboardModule dependencies initialized
2025-04-04T21:53:27.120Z - INFO: PermissionsModule dependencies initialized
2025-04-04T21:53:27.120Z - INFO: TeamMembersModule dependencies initialized
2025-04-04T21:53:27.120Z - INFO: TeamInvitationsModule dependencies initialized
2025-04-04T21:53:27.121Z - INFO: EventAnalyticsModule dependencies initialized
2025-04-04T21:53:27.121Z - INFO: GuestsModule dependencies initialized
2025-04-04T21:53:27.121Z - INFO: SubscribersManagementModule dependencies initialized
2025-04-04T21:53:27.123Z - INFO: MarketplaceModule dependencies initialized
2025-04-04T21:53:27.123Z - INFO: TasksModule dependencies initialized
2025-04-04T21:53:27.124Z - INFO: LineItemsModule dependencies initialized
2025-04-04T21:53:27.124Z - INFO: AdminManagementModule dependencies initialized
2025-04-04T21:53:27.124Z - INFO: TransactionsModule dependencies initialized
2025-04-04T21:53:27.125Z - INFO: PaymentModule dependencies initialized
2025-04-04T21:53:27.125Z - INFO: TeamsModule dependencies initialized
2025-04-04T21:53:27.125Z - INFO: BookingsModule dependencies initialized
2025-04-04T21:53:27.126Z - INFO: EventsModule dependencies initialized
2025-04-04T21:53:27.126Z - INFO: TicketsModule dependencies initialized
2025-04-04T21:53:27.140Z - INFO: EventsController {/api/v1/em/events}:
2025-04-04T21:53:27.144Z - INFO: Mapped {/api/v1/em/events/user-onboarded-status, GET} route
2025-04-04T21:53:27.145Z - INFO: Mapped {/api/v1/em/events, POST} route
2025-04-04T21:53:27.146Z - INFO: Mapped {/api/v1/em/events, GET} route
2025-04-04T21:53:27.146Z - INFO: Mapped {/api/v1/em/events/:id, GET} route
2025-04-04T21:53:27.147Z - INFO: Mapped {/api/v1/em/events/:id/soft-deleted-event, GET} route
2025-04-04T21:53:27.148Z - INFO: Mapped {/api/v1/em/events/:slug/attendee, GET} route
2025-04-04T21:53:27.148Z - INFO: Mapped {/api/v1/em/events/:id, PATCH} route
2025-04-04T21:53:27.149Z - INFO: Mapped {/api/v1/em/events/:id, DELETE} route
2025-04-04T21:53:27.150Z - INFO: Mapped {/api/v1/em/events/restore/:id, GET} route
2025-04-04T21:53:27.151Z - INFO: Mapped {/api/v1/em/events/:id/team, POST} route
2025-04-04T21:53:27.152Z - INFO: Mapped {/api/v1/em/events/:id/team/remove, POST} route
2025-04-04T21:53:27.152Z - INFO: PaymentController {/api/v1/em/payment}:
2025-04-04T21:53:27.153Z - INFO: Mapped {/api/v1/em/payment/create-sessions, POST} route
2025-04-04T21:53:27.154Z - INFO: Mapped {/api/v1/em/payment/create-subscription, POST} route
2025-04-04T21:53:27.155Z - INFO: Mapped {/api/v1/em/payment/cancel-subscription, POST} route
2025-04-04T21:53:27.155Z - INFO: Mapped {/api/v1/em/payment/stripe-webhooks, POST} route
2025-04-04T21:53:27.156Z - INFO: Mapped {/api/v1/em/payment/express-dashboard, GET} route
2025-04-04T21:53:27.157Z - INFO: Mapped {/api/v1/em/payment/fees, POST} route
2025-04-04T21:53:27.157Z - INFO: Mapped {/api/v1/em/payment/refund, POST} route
2025-04-04T21:53:27.157Z - INFO: TransactionsController {/api/v1/em/transactions}:
2025-04-04T21:53:27.158Z - INFO: Mapped {/api/v1/em/transactions, GET} route
2025-04-04T21:53:27.158Z - INFO: Mapped {/api/v1/em/transactions/:transactionId, GET} route
2025-04-04T21:53:27.159Z - INFO: PermissionsController {/api/v1/em}:
2025-04-04T21:53:27.159Z - INFO: Mapped {/api/v1/em/permissions, POST} route
2025-04-04T21:53:27.160Z - INFO: Mapped {/api/v1/em/teams/:teamId/team-members/:memberId, GET} route
2025-04-04T21:53:27.160Z - INFO: Mapped {/api/v1/em/permissions, DELETE} route
2025-04-04T21:53:27.160Z - INFO: TicketsController {/api/v1/em/tickets}:
2025-04-04T21:53:27.161Z - INFO: Mapped {/api/v1/em/tickets, POST} route
2025-04-04T21:53:27.161Z - INFO: Mapped {/api/v1/em/tickets/:id, GET} route
2025-04-04T21:53:27.162Z - INFO: Mapped {/api/v1/em/tickets, GET} route
2025-04-04T21:53:27.162Z - INFO: Mapped {/api/v1/em/tickets/:id, PATCH} route
2025-04-04T21:53:27.163Z - INFO: Mapped {/api/v1/em/tickets/:id, DELETE} route
2025-04-04T21:53:27.163Z - INFO: TeamMembersController {/api/v1/em/teams/:teamId/members}:
2025-04-04T21:53:27.163Z - INFO: Mapped {/api/v1/em/teams/:teamId/members, GET} route
2025-04-04T21:53:27.164Z - INFO: Mapped {/api/v1/em/teams/:teamId/members/:id, GET} route
2025-04-04T21:53:27.164Z - INFO: Mapped {/api/v1/em/teams/:teamId/members/:id, PATCH} route
2025-04-04T21:53:27.165Z - INFO: Mapped {/api/v1/em/teams/:teamId/members/:id, DELETE} route
2025-04-04T21:53:27.165Z - INFO: TeamInvitationsController {/api/v1/em}:
2025-04-04T21:53:27.165Z - INFO: Mapped {/api/v1/em/teams/:teamId/invitations, POST} route
2025-04-04T21:53:27.166Z - INFO: Mapped {/api/v1/em/teams/:teamId/invitations, GET} route
2025-04-04T21:53:27.166Z - INFO: Mapped {/api/v1/em/teams/:teamId/invitations/:id, GET} route
2025-04-04T21:53:27.167Z - INFO: Mapped {/api/v1/em/teams/:teamId/invitations/resend, POST} route
2025-04-04T21:53:27.167Z - INFO: Mapped {/api/v1/em/invitations/respond, POST} route
2025-04-04T21:53:27.168Z - INFO: Mapped {/api/v1/em/invitations/details-by-token/:token, GET} route
2025-04-04T21:53:27.169Z - INFO: Mapped {/api/v1/em/teams/:teamId/invitations/:id, DELETE} route
2025-04-04T21:53:27.169Z - INFO: TeamsController {/api/v1/em/teams}:
2025-04-04T21:53:27.170Z - INFO: Mapped {/api/v1/em/teams, POST} route
2025-04-04T21:53:27.170Z - INFO: Mapped {/api/v1/em/teams, GET} route
2025-04-04T21:53:27.171Z - INFO: Mapped {/api/v1/em/teams/:id, GET} route
2025-04-04T21:53:27.171Z - INFO: Mapped {/api/v1/em/teams/:id, PATCH} route
2025-04-04T21:53:27.172Z - INFO: Mapped {/api/v1/em/teams/:id, DELETE} route
2025-04-04T21:53:27.172Z - INFO: TasksController {/api/v1/em/events/:eventId/tasks}:
2025-04-04T21:53:27.173Z - INFO: Mapped {/api/v1/em/events/:eventId/tasks, POST} route
2025-04-04T21:53:27.173Z - INFO: Mapped {/api/v1/em/events/:eventId/tasks, GET} route
2025-04-04T21:53:27.174Z - INFO: Mapped {/api/v1/em/events/:eventId/tasks/:id, GET} route
2025-04-04T21:53:27.174Z - INFO: Mapped {/api/v1/em/events/:eventId/tasks/:id, PATCH} route
2025-04-04T21:53:27.175Z - INFO: Mapped {/api/v1/em/events/:eventId/tasks/:id, DELETE} route
2025-04-04T21:53:27.175Z - INFO: LineItemsController {/api/v1/em/events/:eventId/line-items}:
2025-04-04T21:53:27.176Z - INFO: Mapped {/api/v1/em/events/:eventId/line-items, POST} route
2025-04-04T21:53:27.176Z - INFO: Mapped {/api/v1/em/events/:eventId/line-items/budget/analytics, GET} route
2025-04-04T21:53:27.177Z - INFO: Mapped {/api/v1/em/events/:eventId/line-items, GET} route
2025-04-04T21:53:27.177Z - INFO: Mapped {/api/v1/em/events/:eventId/line-items/categories/all, GET} route
2025-04-04T21:53:27.177Z - INFO: Mapped {/api/v1/em/events/:eventId/line-items/:id, GET} route
2025-04-04T21:53:27.178Z - INFO: Mapped {/api/v1/em/events/:eventId/line-items/:id, PATCH} route
2025-04-04T21:53:27.178Z - INFO: Mapped {/api/v1/em/events/:eventId/line-items/:id, DELETE} route
2025-04-04T21:53:27.179Z - INFO: OrganizerDashboardController {/api/v1/em}:
2025-04-04T21:53:27.179Z - INFO: Mapped {/api/v1/em/organizer-dashboard, GET} route
2025-04-04T21:53:27.179Z - INFO: EventAnalyticsController {/api/v1/em}:
2025-04-04T21:53:27.180Z - INFO: Mapped {/api/v1/em/event-analytics/:eventId, GET} route
2025-04-04T21:53:27.180Z - INFO: GeneralEventAnalyticsController {/api/v1/em}:
2025-04-04T21:53:27.180Z - INFO: Mapped {/api/v1/em/general-event-analytics, GET} route
2025-04-04T21:53:27.181Z - INFO: MarketplaceController {/api/v1/em/marketplace}:
2025-04-04T21:53:27.181Z - INFO: Mapped {/api/v1/em/marketplace/find-events, GET} route
2025-04-04T21:53:27.182Z - INFO: Mapped {/api/v1/em/marketplace/find-top-events, GET} route
2025-04-04T21:53:27.182Z - INFO: NewsletterController {/api/v1/em/newsletter}:
2025-04-04T21:53:27.182Z - INFO: Mapped {/api/v1/em/newsletter, POST} route
2025-04-04T21:53:27.183Z - INFO: Mapped {/api/v1/em/newsletter, GET} route
2025-04-04T21:53:27.183Z - INFO: Mapped {/api/v1/em/newsletter/:id, GET} route
2025-04-04T21:53:27.183Z - INFO: Mapped {/api/v1/em/newsletter/:id, PATCH} route
2025-04-04T21:53:27.184Z - INFO: Mapped {/api/v1/em/newsletter/:id, DELETE} route
2025-04-04T21:53:27.184Z - INFO: SubscribersController {/api/v1/em/subscribers}:
2025-04-04T21:53:27.184Z - INFO: Mapped {/api/v1/em/subscribers, POST} route
2025-04-04T21:53:27.185Z - INFO: Mapped {/api/v1/em/subscribers, PATCH} route
2025-04-04T21:53:27.185Z - INFO: BookingsController {/api/v1/em}:
2025-04-04T21:53:27.185Z - INFO: Mapped {/api/v1/em/events/:eventId/bookings, POST} route
2025-04-04T21:53:27.186Z - INFO: Mapped {/api/v1/em/events/:eventId/bookings/process, POST} route
2025-04-04T21:53:27.186Z - INFO: Mapped {/api/v1/em/bookings, GET} route
2025-04-04T21:53:27.187Z - INFO: Mapped {/api/v1/em/bookings/:id, GET} route
2025-04-04T21:53:27.188Z - INFO: Mapped {/api/v1/em/bookings/:id, DELETE} route
2025-04-04T21:53:27.188Z - INFO: Mapped {/api/v1/em/bookings/transfer, POST} route
2025-04-04T21:53:27.188Z - INFO: Mapped {/api/v1/em/bookings/update-rsvp, PATCH} route
2025-04-04T21:53:27.189Z - INFO: Mapped {/api/v1/em/bookings/complimentary, POST} route
2025-04-04T21:53:27.189Z - INFO: Mapped {/api/v1/em/bookings/verify, POST} route
2025-04-04T21:53:27.190Z - INFO: BookingsTransactionsController {/api/v1/em/bookings-transactions}:
2025-04-04T21:53:27.190Z - INFO: Mapped {/api/v1/em/bookings-transactions, POST} route
2025-04-04T21:53:27.190Z - INFO: Mapped {/api/v1/em/bookings-transactions, GET} route
2025-04-04T21:53:27.191Z - INFO: Mapped {/api/v1/em/bookings-transactions/:id, GET} route
2025-04-04T21:53:27.191Z - INFO: Mapped {/api/v1/em/bookings-transactions/:id, PATCH} route
2025-04-04T21:53:27.192Z - INFO: Mapped {/api/v1/em/bookings-transactions/:id, DELETE} route
2025-04-04T21:53:27.192Z - INFO: AttendeeDashboardController {/api/v1/em/attendee-dashboard}:
2025-04-04T21:53:27.193Z - INFO: Mapped {/api/v1/em/attendee-dashboard, GET} route
2025-04-04T21:53:27.193Z - INFO: GuestsController {/api/v1/em}:
2025-04-04T21:53:27.194Z - INFO: Mapped {/api/v1/em/events/:eventId/guests, GET} route
2025-04-04T21:53:27.194Z - INFO: Mapped {/api/v1/em/guests/:bookingId, GET} route
2025-04-04T21:53:27.194Z - INFO: Mapped {/api/v1/em/events/:eventId/guests/broadcast, POST} route
2025-04-04T21:53:27.195Z - INFO: Mapped {/api/v1/em/events/:eventId/guests/check, POST} route
2025-04-04T21:53:27.195Z - INFO: AdminDashboardController {/api/v1/em/admin/dashboard}:
2025-04-04T21:53:27.196Z - INFO: Mapped {/api/v1/em/admin/dashboard/active-users-chart, GET} route
2025-04-04T21:53:27.196Z - INFO: Mapped {/api/v1/em/admin/dashboard/analytics, GET} route
2025-04-04T21:53:27.196Z - INFO: SystemRegisterController {/api/v1/em/system-register}:
2025-04-04T21:53:27.197Z - INFO: Mapped {/api/v1/em/system-register, POST} route
2025-04-04T21:53:27.197Z - INFO: Mapped {/api/v1/em/system-register, GET} route
2025-04-04T21:53:27.197Z - INFO: Mapped {/api/v1/em/system-register/:id, GET} route
2025-04-04T21:53:27.198Z - INFO: Mapped {/api/v1/em/system-register/:id, PATCH} route
2025-04-04T21:53:27.198Z - INFO: Mapped {/api/v1/em/system-register/:id, DELETE} route
2025-04-04T21:53:27.199Z - INFO: AdminManagementController {/api/v1/em/admin-management}:
2025-04-04T21:53:27.199Z - INFO: Mapped {/api/v1/em/admin-management/get-all-users, GET} route
2025-04-04T21:53:27.200Z - INFO: Mapped {/api/v1/em/admin-management/user-stats, GET} route
2025-04-04T21:53:27.200Z - INFO: Mapped {/api/v1/em/admin-management/:id, GET} route
2025-04-04T21:53:27.201Z - INFO: Mapped {/api/v1/em/admin-management/export-all-users, POST} route
2025-04-04T21:53:27.201Z - INFO: Mapped {/api/v1/em/admin-management/:id/block-user, POST} route
2025-04-04T21:53:27.201Z - INFO: Mapped {/api/v1/em/admin-management/:id/unblock-user, POST} route
2025-04-04T21:53:27.202Z - INFO: EventManagementController {/api/v1/em/admin/events}:
2025-04-04T21:53:27.202Z - INFO: Mapped {/api/v1/em/admin/events, GET} route
2025-04-04T21:53:27.202Z - INFO: Mapped {/api/v1/em/admin/events/export, POST} route
2025-04-04T21:53:27.203Z - INFO: SubscribersManagementController {/api/v1/em/admin/subscribers}:
2025-04-04T21:53:27.203Z - INFO: Mapped {/api/v1/em/admin/subscribers, GET} route
2025-04-04T21:53:27.203Z - INFO: Mapped {/api/v1/em/admin/subscribers/:id, GET} route
2025-04-04T21:53:27.203Z - INFO: Mapped {/api/v1/em/admin/subscribers/export, POST} route
2025-04-04T21:53:27.204Z - INFO: Mapped {/api/v1/em/admin/subscribers/:id, DELETE} route
2025-04-04T21:53:27.227Z - INFO: Nest application successfully started
2025-04-04T21:56:24.169Z - INFO: Starting Nest application...
2025-04-04T21:56:24.208Z - INFO: TypeOrmModule dependencies initialized
2025-04-04T21:56:24.208Z - INFO: MulterModule dependencies initialized
2025-04-04T21:56:24.210Z - INFO: ConfigHostModule dependencies initialized
2025-04-04T21:56:24.210Z - INFO: NewsletterModule dependencies initialized
2025-04-04T21:56:24.211Z - INFO: BookingsTransactionsModule dependencies initialized
2025-04-04T21:56:24.211Z - INFO: SystemRegisterModule dependencies initialized
2025-04-04T21:56:24.212Z - INFO: DiscoveryModule dependencies initialized
2025-04-04T21:56:24.212Z - INFO: ConfigModule dependencies initialized
2025-04-04T21:56:24.213Z - INFO: ConfigModule dependencies initialized
2025-04-04T21:56:24.214Z - INFO: ScheduleModule dependencies initialized
2025-04-04T21:56:24.214Z - INFO: EventEmitterModule dependencies initialized
2025-04-04T21:56:24.262Z - INFO: CacheModule dependencies initialized
2025-04-04T21:56:24.607Z - INFO: TypeOrmCoreModule dependencies initialized
2025-04-04T21:56:24.608Z - INFO: TypeOrmModule dependencies initialized
2025-04-04T21:56:24.608Z - INFO: TypeOrmModule dependencies initialized
2025-04-04T21:56:24.609Z - INFO: TypeOrmModule dependencies initialized
2025-04-04T21:56:24.609Z - INFO: TypeOrmModule dependencies initialized
2025-04-04T21:56:24.609Z - INFO: TypeOrmModule dependencies initialized
2025-04-04T21:56:24.609Z - INFO: TypeOrmModule dependencies initialized
2025-04-04T21:56:24.610Z - INFO: TypeOrmModule dependencies initialized
2025-04-04T21:56:24.610Z - INFO: TypeOrmModule dependencies initialized
2025-04-04T21:56:24.611Z - INFO: TypeOrmModule dependencies initialized
2025-04-04T21:56:24.611Z - INFO: TypeOrmModule dependencies initialized
2025-04-04T21:56:24.611Z - INFO: PaginationModule dependencies initialized
2025-04-04T21:56:24.611Z - INFO: TypeOrmModule dependencies initialized
2025-04-04T21:56:24.612Z - INFO: TypeOrmModule dependencies initialized
2025-04-04T21:56:24.612Z - INFO: TypeOrmModule dependencies initialized
2025-04-04T21:56:24.612Z - INFO: TypeOrmModule dependencies initialized
2025-04-04T21:56:24.612Z - INFO: TypeOrmModule dependencies initialized
2025-04-04T21:56:24.615Z - INFO: AppModule dependencies initialized
2025-04-04T21:56:24.616Z - INFO: UsersModule dependencies initialized
2025-04-04T21:56:24.619Z - INFO: EventsListenerModule dependencies initialized
2025-04-04T21:56:24.621Z - INFO: SubscribersModule dependencies initialized
2025-04-04T21:56:24.624Z - INFO: OrganizerDashboardModule dependencies initialized
2025-04-04T21:56:24.624Z - INFO: GeneralEventAnalyticsModule dependencies initialized
2025-04-04T21:56:24.625Z - INFO: AdminDashboardModule dependencies initialized
2025-04-04T21:56:24.625Z - INFO: EventManagementModule dependencies initialized
2025-04-04T21:56:24.625Z - INFO: AttendeeDashboardModule dependencies initialized
2025-04-04T21:56:24.626Z - INFO: PermissionsModule dependencies initialized
2025-04-04T21:56:24.626Z - INFO: TeamMembersModule dependencies initialized
2025-04-04T21:56:24.626Z - INFO: TeamInvitationsModule dependencies initialized
2025-04-04T21:56:24.627Z - INFO: EventAnalyticsModule dependencies initialized
2025-04-04T21:56:24.627Z - INFO: GuestsModule dependencies initialized
2025-04-04T21:56:24.627Z - INFO: SubscribersManagementModule dependencies initialized
2025-04-04T21:56:24.629Z - INFO: MarketplaceModule dependencies initialized
2025-04-04T21:56:24.630Z - INFO: TasksModule dependencies initialized
2025-04-04T21:56:24.630Z - INFO: LineItemsModule dependencies initialized
2025-04-04T21:56:24.630Z - INFO: AdminManagementModule dependencies initialized
2025-04-04T21:56:24.630Z - INFO: TransactionsModule dependencies initialized
2025-04-04T21:56:24.631Z - INFO: PaymentModule dependencies initialized
2025-04-04T21:56:24.631Z - INFO: TeamsModule dependencies initialized
2025-04-04T21:56:24.632Z - INFO: BookingsModule dependencies initialized
2025-04-04T21:56:24.633Z - INFO: EventsModule dependencies initialized
2025-04-04T21:56:24.634Z - INFO: TicketsModule dependencies initialized
2025-04-04T21:56:24.647Z - INFO: EventsController {/api/v1/em/events}:
2025-04-04T21:56:24.652Z - INFO: Mapped {/api/v1/em/events/user-onboarded-status, GET} route
2025-04-04T21:56:24.653Z - INFO: Mapped {/api/v1/em/events, POST} route
2025-04-04T21:56:24.654Z - INFO: Mapped {/api/v1/em/events, GET} route
2025-04-04T21:56:24.654Z - INFO: Mapped {/api/v1/em/events/:id, GET} route
2025-04-04T21:56:24.655Z - INFO: Mapped {/api/v1/em/events/:id/soft-deleted-event, GET} route
2025-04-04T21:56:24.655Z - INFO: Mapped {/api/v1/em/events/:slug/attendee, GET} route
2025-04-04T21:56:24.656Z - INFO: Mapped {/api/v1/em/events/:id, PATCH} route
2025-04-04T21:56:24.656Z - INFO: Mapped {/api/v1/em/events/:id, DELETE} route
2025-04-04T21:56:24.657Z - INFO: Mapped {/api/v1/em/events/restore/:id, GET} route
2025-04-04T21:56:24.658Z - INFO: Mapped {/api/v1/em/events/:id/team, POST} route
2025-04-04T21:56:24.658Z - INFO: Mapped {/api/v1/em/events/:id/team/remove, POST} route
2025-04-04T21:56:24.659Z - INFO: PaymentController {/api/v1/em/payment}:
2025-04-04T21:56:24.659Z - INFO: Mapped {/api/v1/em/payment/create-sessions, POST} route
2025-04-04T21:56:24.660Z - INFO: Mapped {/api/v1/em/payment/create-subscription, POST} route
2025-04-04T21:56:24.660Z - INFO: Mapped {/api/v1/em/payment/cancel-subscription, POST} route
2025-04-04T21:56:24.660Z - INFO: Mapped {/api/v1/em/payment/stripe-webhooks, POST} route
2025-04-04T21:56:24.661Z - INFO: Mapped {/api/v1/em/payment/express-dashboard, GET} route
2025-04-04T21:56:24.661Z - INFO: Mapped {/api/v1/em/payment/fees, POST} route
2025-04-04T21:56:24.662Z - INFO: Mapped {/api/v1/em/payment/refund, POST} route
2025-04-04T21:56:24.662Z - INFO: TransactionsController {/api/v1/em/transactions}:
2025-04-04T21:56:24.662Z - INFO: Mapped {/api/v1/em/transactions, GET} route
2025-04-04T21:56:24.663Z - INFO: Mapped {/api/v1/em/transactions/:transactionId, GET} route
2025-04-04T21:56:24.663Z - INFO: PermissionsController {/api/v1/em}:
2025-04-04T21:56:24.663Z - INFO: Mapped {/api/v1/em/permissions, POST} route
2025-04-04T21:56:24.664Z - INFO: Mapped {/api/v1/em/teams/:teamId/team-members/:memberId, GET} route
2025-04-04T21:56:24.664Z - INFO: Mapped {/api/v1/em/permissions, DELETE} route
2025-04-04T21:56:24.664Z - INFO: TicketsController {/api/v1/em/tickets}:
2025-04-04T21:56:24.665Z - INFO: Mapped {/api/v1/em/tickets, POST} route
2025-04-04T21:56:24.665Z - INFO: Mapped {/api/v1/em/tickets/:id, GET} route
2025-04-04T21:56:24.666Z - INFO: Mapped {/api/v1/em/tickets, GET} route
2025-04-04T21:56:24.666Z - INFO: Mapped {/api/v1/em/tickets/:id, PATCH} route
2025-04-04T21:56:24.667Z - INFO: Mapped {/api/v1/em/tickets/:id, DELETE} route
2025-04-04T21:56:24.667Z - INFO: TeamMembersController {/api/v1/em/teams/:teamId/members}:
2025-04-04T21:56:24.668Z - INFO: Mapped {/api/v1/em/teams/:teamId/members, GET} route
2025-04-04T21:56:24.668Z - INFO: Mapped {/api/v1/em/teams/:teamId/members/:id, GET} route
2025-04-04T21:56:24.669Z - INFO: Mapped {/api/v1/em/teams/:teamId/members/:id, PATCH} route
2025-04-04T21:56:24.669Z - INFO: Mapped {/api/v1/em/teams/:teamId/members/:id, DELETE} route
2025-04-04T21:56:24.669Z - INFO: TeamInvitationsController {/api/v1/em}:
2025-04-04T21:56:24.670Z - INFO: Mapped {/api/v1/em/teams/:teamId/invitations, POST} route
2025-04-04T21:56:24.670Z - INFO: Mapped {/api/v1/em/teams/:teamId/invitations, GET} route
2025-04-04T21:56:24.671Z - INFO: Mapped {/api/v1/em/teams/:teamId/invitations/:id, GET} route
2025-04-04T21:56:24.671Z - INFO: Mapped {/api/v1/em/teams/:teamId/invitations/resend, POST} route
2025-04-04T21:56:24.672Z - INFO: Mapped {/api/v1/em/invitations/respond, POST} route
2025-04-04T21:56:24.672Z - INFO: Mapped {/api/v1/em/invitations/details-by-token/:token, GET} route
2025-04-04T21:56:24.672Z - INFO: Mapped {/api/v1/em/teams/:teamId/invitations/:id, DELETE} route
2025-04-04T21:56:24.673Z - INFO: TeamsController {/api/v1/em/teams}:
2025-04-04T21:56:24.673Z - INFO: Mapped {/api/v1/em/teams, POST} route
2025-04-04T21:56:24.673Z - INFO: Mapped {/api/v1/em/teams, GET} route
2025-04-04T21:56:24.674Z - INFO: Mapped {/api/v1/em/teams/:id, GET} route
2025-04-04T21:56:24.674Z - INFO: Mapped {/api/v1/em/teams/:id, PATCH} route
2025-04-04T21:56:24.674Z - INFO: Mapped {/api/v1/em/teams/:id, DELETE} route
2025-04-04T21:56:24.675Z - INFO: TasksController {/api/v1/em/events/:eventId/tasks}:
2025-04-04T21:56:24.675Z - INFO: Mapped {/api/v1/em/events/:eventId/tasks, POST} route
2025-04-04T21:56:24.676Z - INFO: Mapped {/api/v1/em/events/:eventId/tasks, GET} route
2025-04-04T21:56:24.676Z - INFO: Mapped {/api/v1/em/events/:eventId/tasks/:id, GET} route
2025-04-04T21:56:24.677Z - INFO: Mapped {/api/v1/em/events/:eventId/tasks/:id, PATCH} route
2025-04-04T21:56:24.677Z - INFO: Mapped {/api/v1/em/events/:eventId/tasks/:id, DELETE} route
2025-04-04T21:56:24.678Z - INFO: LineItemsController {/api/v1/em/events/:eventId/line-items}:
2025-04-04T21:56:24.678Z - INFO: Mapped {/api/v1/em/events/:eventId/line-items, POST} route
2025-04-04T21:56:24.679Z - INFO: Mapped {/api/v1/em/events/:eventId/line-items/budget/analytics, GET} route
2025-04-04T21:56:24.679Z - INFO: Mapped {/api/v1/em/events/:eventId/line-items, GET} route
2025-04-04T21:56:24.679Z - INFO: Mapped {/api/v1/em/events/:eventId/line-items/categories/all, GET} route
2025-04-04T21:56:24.679Z - INFO: Mapped {/api/v1/em/events/:eventId/line-items/:id, GET} route
2025-04-04T21:56:24.680Z - INFO: Mapped {/api/v1/em/events/:eventId/line-items/:id, PATCH} route
2025-04-04T21:56:24.680Z - INFO: Mapped {/api/v1/em/events/:eventId/line-items/:id, DELETE} route
2025-04-04T21:56:24.680Z - INFO: OrganizerDashboardController {/api/v1/em}:
2025-04-04T21:56:24.681Z - INFO: Mapped {/api/v1/em/organizer-dashboard, GET} route
2025-04-04T21:56:24.681Z - INFO: EventAnalyticsController {/api/v1/em}:
2025-04-04T21:56:24.681Z - INFO: Mapped {/api/v1/em/event-analytics/:eventId, GET} route
2025-04-04T21:56:24.682Z - INFO: GeneralEventAnalyticsController {/api/v1/em}:
2025-04-04T21:56:24.682Z - INFO: Mapped {/api/v1/em/general-event-analytics, GET} route
2025-04-04T21:56:24.682Z - INFO: MarketplaceController {/api/v1/em/marketplace}:
2025-04-04T21:56:24.683Z - INFO: Mapped {/api/v1/em/marketplace/find-events, GET} route
2025-04-04T21:56:24.684Z - INFO: Mapped {/api/v1/em/marketplace/find-top-events, GET} route
2025-04-04T21:56:24.684Z - INFO: NewsletterController {/api/v1/em/newsletter}:
2025-04-04T21:56:24.684Z - INFO: Mapped {/api/v1/em/newsletter, POST} route
2025-04-04T21:56:24.685Z - INFO: Mapped {/api/v1/em/newsletter, GET} route
2025-04-04T21:56:24.685Z - INFO: Mapped {/api/v1/em/newsletter/:id, GET} route
2025-04-04T21:56:24.685Z - INFO: Mapped {/api/v1/em/newsletter/:id, PATCH} route
2025-04-04T21:56:24.686Z - INFO: Mapped {/api/v1/em/newsletter/:id, DELETE} route
2025-04-04T21:56:24.686Z - INFO: SubscribersController {/api/v1/em/subscribers}:
2025-04-04T21:56:24.686Z - INFO: Mapped {/api/v1/em/subscribers, POST} route
2025-04-04T21:56:24.687Z - INFO: Mapped {/api/v1/em/subscribers, PATCH} route
2025-04-04T21:56:24.687Z - INFO: BookingsController {/api/v1/em}:
2025-04-04T21:56:24.687Z - INFO: Mapped {/api/v1/em/events/:eventId/bookings, POST} route
2025-04-04T21:56:24.688Z - INFO: Mapped {/api/v1/em/events/:eventId/bookings/process, POST} route
2025-04-04T21:56:24.688Z - INFO: Mapped {/api/v1/em/bookings, GET} route
2025-04-04T21:56:24.688Z - INFO: Mapped {/api/v1/em/bookings/:id, GET} route
2025-04-04T21:56:24.689Z - INFO: Mapped {/api/v1/em/bookings/:id, DELETE} route
2025-04-04T21:56:24.689Z - INFO: Mapped {/api/v1/em/bookings/transfer, POST} route
2025-04-04T21:56:24.690Z - INFO: Mapped {/api/v1/em/bookings/update-rsvp, PATCH} route
2025-04-04T21:56:24.690Z - INFO: Mapped {/api/v1/em/bookings/complimentary, POST} route
2025-04-04T21:56:24.690Z - INFO: Mapped {/api/v1/em/bookings/verify, POST} route
2025-04-04T21:56:24.691Z - INFO: BookingsTransactionsController {/api/v1/em/bookings-transactions}:
2025-04-04T21:56:24.691Z - INFO: Mapped {/api/v1/em/bookings-transactions, POST} route
2025-04-04T21:56:24.691Z - INFO: Mapped {/api/v1/em/bookings-transactions, GET} route
2025-04-04T21:56:24.692Z - INFO: Mapped {/api/v1/em/bookings-transactions/:id, GET} route
2025-04-04T21:56:24.692Z - INFO: Mapped {/api/v1/em/bookings-transactions/:id, PATCH} route
2025-04-04T21:56:24.693Z - INFO: Mapped {/api/v1/em/bookings-transactions/:id, DELETE} route
2025-04-04T21:56:24.693Z - INFO: AttendeeDashboardController {/api/v1/em/attendee-dashboard}:
2025-04-04T21:56:24.693Z - INFO: Mapped {/api/v1/em/attendee-dashboard, GET} route
2025-04-04T21:56:24.694Z - INFO: GuestsController {/api/v1/em}:
2025-04-04T21:56:24.694Z - INFO: Mapped {/api/v1/em/events/:eventId/guests, GET} route
2025-04-04T21:56:24.694Z - INFO: Mapped {/api/v1/em/guests/:bookingId, GET} route
2025-04-04T21:56:24.695Z - INFO: Mapped {/api/v1/em/events/:eventId/guests/broadcast, POST} route
2025-04-04T21:56:24.695Z - INFO: Mapped {/api/v1/em/events/:eventId/guests/check, POST} route
2025-04-04T21:56:24.695Z - INFO: AdminDashboardController {/api/v1/em/admin/dashboard}:
2025-04-04T21:56:24.696Z - INFO: Mapped {/api/v1/em/admin/dashboard/active-users-chart, GET} route
2025-04-04T21:56:24.696Z - INFO: Mapped {/api/v1/em/admin/dashboard/analytics, GET} route
2025-04-04T21:56:24.696Z - INFO: SystemRegisterController {/api/v1/em/system-register}:
2025-04-04T21:56:24.697Z - INFO: Mapped {/api/v1/em/system-register, POST} route
2025-04-04T21:56:24.697Z - INFO: Mapped {/api/v1/em/system-register, GET} route
2025-04-04T21:56:24.698Z - INFO: Mapped {/api/v1/em/system-register/:id, GET} route
2025-04-04T21:56:24.698Z - INFO: Mapped {/api/v1/em/system-register/:id, PATCH} route
2025-04-04T21:56:24.699Z - INFO: Mapped {/api/v1/em/system-register/:id, DELETE} route
2025-04-04T21:56:24.699Z - INFO: AdminManagementController {/api/v1/em/admin-management}:
2025-04-04T21:56:24.699Z - INFO: Mapped {/api/v1/em/admin-management/get-all-users, GET} route
2025-04-04T21:56:24.700Z - INFO: Mapped {/api/v1/em/admin-management/user-stats, GET} route
2025-04-04T21:56:24.700Z - INFO: Mapped {/api/v1/em/admin-management/:id, GET} route
2025-04-04T21:56:24.700Z - INFO: Mapped {/api/v1/em/admin-management/export-all-users, POST} route
2025-04-04T21:56:24.701Z - INFO: Mapped {/api/v1/em/admin-management/:id/block-user, POST} route
2025-04-04T21:56:24.701Z - INFO: Mapped {/api/v1/em/admin-management/:id/unblock-user, POST} route
2025-04-04T21:56:24.701Z - INFO: EventManagementController {/api/v1/em/admin/events}:
2025-04-04T21:56:24.702Z - INFO: Mapped {/api/v1/em/admin/events, GET} route
2025-04-04T21:56:24.702Z - INFO: Mapped {/api/v1/em/admin/events/export, POST} route
2025-04-04T21:56:24.702Z - INFO: SubscribersManagementController {/api/v1/em/admin/subscribers}:
2025-04-04T21:56:24.703Z - INFO: Mapped {/api/v1/em/admin/subscribers, GET} route
2025-04-04T21:56:24.703Z - INFO: Mapped {/api/v1/em/admin/subscribers/:id, GET} route
2025-04-04T21:56:24.703Z - INFO: Mapped {/api/v1/em/admin/subscribers/export, POST} route
2025-04-04T21:56:24.704Z - INFO: Mapped {/api/v1/em/admin/subscribers/:id, DELETE} route
2025-04-04T21:56:24.726Z - INFO: Nest application successfully started
2025-04-04T21:59:18.579Z - INFO: Starting Nest application...
2025-04-04T21:59:18.615Z - INFO: TypeOrmModule dependencies initialized
2025-04-04T21:59:18.615Z - INFO: MulterModule dependencies initialized
2025-04-04T21:59:18.617Z - INFO: ConfigHostModule dependencies initialized
2025-04-04T21:59:18.617Z - INFO: NewsletterModule dependencies initialized
2025-04-04T21:59:18.618Z - INFO: BookingsTransactionsModule dependencies initialized
2025-04-04T21:59:18.618Z - INFO: SystemRegisterModule dependencies initialized
2025-04-04T21:59:18.618Z - INFO: DiscoveryModule dependencies initialized
2025-04-04T21:59:18.619Z - INFO: ConfigModule dependencies initialized
2025-04-04T21:59:18.619Z - INFO: ConfigModule dependencies initialized
2025-04-04T21:59:18.620Z - INFO: ScheduleModule dependencies initialized
2025-04-04T21:59:18.620Z - INFO: EventEmitterModule dependencies initialized
2025-04-04T21:59:18.670Z - INFO: CacheModule dependencies initialized
2025-04-04T21:59:26.297Z - INFO: TypeOrmCoreModule dependencies initialized
2025-04-04T21:59:26.299Z - INFO: TypeOrmModule dependencies initialized
2025-04-04T21:59:26.300Z - INFO: TypeOrmModule dependencies initialized
2025-04-04T21:59:26.301Z - INFO: TypeOrmModule dependencies initialized
2025-04-04T21:59:26.302Z - INFO: TypeOrmModule dependencies initialized
2025-04-04T21:59:26.303Z - INFO: TypeOrmModule dependencies initialized
2025-04-04T21:59:26.303Z - INFO: TypeOrmModule dependencies initialized
2025-04-04T21:59:26.304Z - INFO: TypeOrmModule dependencies initialized
2025-04-04T21:59:26.305Z - INFO: TypeOrmModule dependencies initialized
2025-04-04T21:59:26.306Z - INFO: TypeOrmModule dependencies initialized
2025-04-04T21:59:26.306Z - INFO: TypeOrmModule dependencies initialized
2025-04-04T21:59:26.307Z - INFO: PaginationModule dependencies initialized
2025-04-04T21:59:26.307Z - INFO: TypeOrmModule dependencies initialized
2025-04-04T21:59:26.308Z - INFO: TypeOrmModule dependencies initialized
2025-04-04T21:59:26.308Z - INFO: TypeOrmModule dependencies initialized
2025-04-04T21:59:26.309Z - INFO: TypeOrmModule dependencies initialized
2025-04-04T21:59:26.310Z - INFO: TypeOrmModule dependencies initialized
2025-04-04T21:59:26.314Z - INFO: AppModule dependencies initialized
2025-04-04T21:59:26.317Z - INFO: UsersModule dependencies initialized
2025-04-04T21:59:26.320Z - INFO: EventsListenerModule dependencies initialized
2025-04-04T21:59:26.323Z - INFO: SubscribersModule dependencies initialized
2025-04-04T21:59:26.329Z - INFO: OrganizerDashboardModule dependencies initialized
2025-04-04T21:59:26.329Z - INFO: GeneralEventAnalyticsModule dependencies initialized
2025-04-04T21:59:26.329Z - INFO: AdminDashboardModule dependencies initialized
2025-04-04T21:59:26.330Z - INFO: EventManagementModule dependencies initialized
2025-04-04T21:59:26.330Z - INFO: AttendeeDashboardModule dependencies initialized
2025-04-04T21:59:26.331Z - INFO: PermissionsModule dependencies initialized
2025-04-04T21:59:26.331Z - INFO: TeamMembersModule dependencies initialized
2025-04-04T21:59:26.332Z - INFO: TeamInvitationsModule dependencies initialized
2025-04-04T21:59:26.332Z - INFO: EventAnalyticsModule dependencies initialized
2025-04-04T21:59:26.333Z - INFO: GuestsModule dependencies initialized
2025-04-04T21:59:26.333Z - INFO: SubscribersManagementModule dependencies initialized
2025-04-04T21:59:26.335Z - INFO: MarketplaceModule dependencies initialized
2025-04-04T21:59:26.335Z - INFO: TasksModule dependencies initialized
2025-04-04T21:59:26.336Z - INFO: LineItemsModule dependencies initialized
2025-04-04T21:59:26.336Z - INFO: AdminManagementModule dependencies initialized
2025-04-04T21:59:26.336Z - INFO: TransactionsModule dependencies initialized
2025-04-04T21:59:26.337Z - INFO: PaymentModule dependencies initialized
2025-04-04T21:59:26.337Z - INFO: TeamsModule dependencies initialized
2025-04-04T21:59:26.338Z - INFO: BookingsModule dependencies initialized
2025-04-04T21:59:26.338Z - INFO: EventsModule dependencies initialized
2025-04-04T21:59:26.339Z - INFO: TicketsModule dependencies initialized
2025-04-04T21:59:26.356Z - INFO: EventsController {/api/v1/em/events}:
2025-04-04T21:59:26.360Z - INFO: Mapped {/api/v1/em/events/user-onboarded-status, GET} route
2025-04-04T21:59:26.361Z - INFO: Mapped {/api/v1/em/events, POST} route
2025-04-04T21:59:26.362Z - INFO: Mapped {/api/v1/em/events, GET} route
2025-04-04T21:59:26.362Z - INFO: Mapped {/api/v1/em/events/:id, GET} route
2025-04-04T21:59:26.363Z - INFO: Mapped {/api/v1/em/events/:id/soft-deleted-event, GET} route
2025-04-04T21:59:26.364Z - INFO: Mapped {/api/v1/em/events/:slug/attendee, GET} route
2025-04-04T21:59:26.364Z - INFO: Mapped {/api/v1/em/events/:id, PATCH} route
2025-04-04T21:59:26.365Z - INFO: Mapped {/api/v1/em/events/:id, DELETE} route
2025-04-04T21:59:26.366Z - INFO: Mapped {/api/v1/em/events/restore/:id, GET} route
2025-04-04T21:59:26.367Z - INFO: Mapped {/api/v1/em/events/:id/team, POST} route
2025-04-04T21:59:26.367Z - INFO: Mapped {/api/v1/em/events/:id/team/remove, POST} route
2025-04-04T21:59:26.368Z - INFO: PaymentController {/api/v1/em/payment}:
2025-04-04T21:59:26.368Z - INFO: Mapped {/api/v1/em/payment/create-sessions, POST} route
2025-04-04T21:59:26.369Z - INFO: Mapped {/api/v1/em/payment/create-subscription, POST} route
2025-04-04T21:59:26.369Z - INFO: Mapped {/api/v1/em/payment/cancel-subscription, POST} route
2025-04-04T21:59:26.370Z - INFO: Mapped {/api/v1/em/payment/stripe-webhooks, POST} route
2025-04-04T21:59:26.370Z - INFO: Mapped {/api/v1/em/payment/express-dashboard, GET} route
2025-04-04T21:59:26.370Z - INFO: Mapped {/api/v1/em/payment/fees, POST} route
2025-04-04T21:59:26.371Z - INFO: Mapped {/api/v1/em/payment/refund, POST} route
2025-04-04T21:59:26.371Z - INFO: TransactionsController {/api/v1/em/transactions}:
2025-04-04T21:59:26.371Z - INFO: Mapped {/api/v1/em/transactions, GET} route
2025-04-04T21:59:26.372Z - INFO: Mapped {/api/v1/em/transactions/:transactionId, GET} route
2025-04-04T21:59:26.372Z - INFO: PermissionsController {/api/v1/em}:
2025-04-04T21:59:26.373Z - INFO: Mapped {/api/v1/em/permissions, POST} route
2025-04-04T21:59:26.373Z - INFO: Mapped {/api/v1/em/teams/:teamId/team-members/:memberId, GET} route
2025-04-04T21:59:26.373Z - INFO: Mapped {/api/v1/em/permissions, DELETE} route
2025-04-04T21:59:26.374Z - INFO: TicketsController {/api/v1/em/tickets}:
2025-04-04T21:59:26.374Z - INFO: Mapped {/api/v1/em/tickets, POST} route
2025-04-04T21:59:26.375Z - INFO: Mapped {/api/v1/em/tickets/:id, GET} route
2025-04-04T21:59:26.375Z - INFO: Mapped {/api/v1/em/tickets, GET} route
2025-04-04T21:59:26.376Z - INFO: Mapped {/api/v1/em/tickets/:id, PATCH} route
2025-04-04T21:59:26.376Z - INFO: Mapped {/api/v1/em/tickets/:id, DELETE} route
2025-04-04T21:59:26.376Z - INFO: TeamMembersController {/api/v1/em/teams/:teamId/members}:
2025-04-04T21:59:26.377Z - INFO: Mapped {/api/v1/em/teams/:teamId/members, GET} route
2025-04-04T21:59:26.377Z - INFO: Mapped {/api/v1/em/teams/:teamId/members/:id, GET} route
2025-04-04T21:59:26.378Z - INFO: Mapped {/api/v1/em/teams/:teamId/members/:id, PATCH} route
2025-04-04T21:59:26.378Z - INFO: Mapped {/api/v1/em/teams/:teamId/members/:id, DELETE} route
2025-04-04T21:59:26.378Z - INFO: TeamInvitationsController {/api/v1/em}:
2025-04-04T21:59:26.379Z - INFO: Mapped {/api/v1/em/teams/:teamId/invitations, POST} route
2025-04-04T21:59:26.379Z - INFO: Mapped {/api/v1/em/teams/:teamId/invitations, GET} route
2025-04-04T21:59:26.380Z - INFO: Mapped {/api/v1/em/teams/:teamId/invitations/:id, GET} route
2025-04-04T21:59:26.380Z - INFO: Mapped {/api/v1/em/teams/:teamId/invitations/resend, POST} route
2025-04-04T21:59:26.380Z - INFO: Mapped {/api/v1/em/invitations/respond, POST} route
2025-04-04T21:59:26.381Z - INFO: Mapped {/api/v1/em/invitations/details-by-token/:token, GET} route
2025-04-04T21:59:26.381Z - INFO: Mapped {/api/v1/em/teams/:teamId/invitations/:id, DELETE} route
2025-04-04T21:59:26.381Z - INFO: TeamsController {/api/v1/em/teams}:
2025-04-04T21:59:26.382Z - INFO: Mapped {/api/v1/em/teams, POST} route
2025-04-04T21:59:26.382Z - INFO: Mapped {/api/v1/em/teams, GET} route
2025-04-04T21:59:26.382Z - INFO: Mapped {/api/v1/em/teams/:id, GET} route
2025-04-04T21:59:26.383Z - INFO: Mapped {/api/v1/em/teams/:id, PATCH} route
2025-04-04T21:59:26.383Z - INFO: Mapped {/api/v1/em/teams/:id, DELETE} route
2025-04-04T21:59:26.383Z - INFO: TasksController {/api/v1/em/events/:eventId/tasks}:
2025-04-04T21:59:26.384Z - INFO: Mapped {/api/v1/em/events/:eventId/tasks, POST} route
2025-04-04T21:59:26.384Z - INFO: Mapped {/api/v1/em/events/:eventId/tasks, GET} route
2025-04-04T21:59:26.385Z - INFO: Mapped {/api/v1/em/events/:eventId/tasks/:id, GET} route
2025-04-04T21:59:26.385Z - INFO: Mapped {/api/v1/em/events/:eventId/tasks/:id, PATCH} route
2025-04-04T21:59:26.385Z - INFO: Mapped {/api/v1/em/events/:eventId/tasks/:id, DELETE} route
2025-04-04T21:59:26.386Z - INFO: LineItemsController {/api/v1/em/events/:eventId/line-items}:
2025-04-04T21:59:26.386Z - INFO: Mapped {/api/v1/em/events/:eventId/line-items, POST} route
2025-04-04T21:59:26.387Z - INFO: Mapped {/api/v1/em/events/:eventId/line-items/budget/analytics, GET} route
2025-04-04T21:59:26.387Z - INFO: Mapped {/api/v1/em/events/:eventId/line-items, GET} route
2025-04-04T21:59:26.388Z - INFO: Mapped {/api/v1/em/events/:eventId/line-items/categories/all, GET} route
2025-04-04T21:59:26.388Z - INFO: Mapped {/api/v1/em/events/:eventId/line-items/:id, GET} route
2025-04-04T21:59:26.388Z - INFO: Mapped {/api/v1/em/events/:eventId/line-items/:id, PATCH} route
2025-04-04T21:59:26.389Z - INFO: Mapped {/api/v1/em/events/:eventId/line-items/:id, DELETE} route
2025-04-04T21:59:26.389Z - INFO: OrganizerDashboardController {/api/v1/em}:
2025-04-04T21:59:26.389Z - INFO: Mapped {/api/v1/em/organizer-dashboard, GET} route
2025-04-04T21:59:26.390Z - INFO: EventAnalyticsController {/api/v1/em}:
2025-04-04T21:59:26.390Z - INFO: Mapped {/api/v1/em/event-analytics/:eventId, GET} route
2025-04-04T21:59:26.390Z - INFO: GeneralEventAnalyticsController {/api/v1/em}:
2025-04-04T21:59:26.391Z - INFO: Mapped {/api/v1/em/general-event-analytics, GET} route
2025-04-04T21:59:26.391Z - INFO: MarketplaceController {/api/v1/em/marketplace}:
2025-04-04T21:59:26.391Z - INFO: Mapped {/api/v1/em/marketplace/find-events, GET} route
2025-04-04T21:59:26.392Z - INFO: Mapped {/api/v1/em/marketplace/find-top-events, GET} route
2025-04-04T21:59:26.392Z - INFO: NewsletterController {/api/v1/em/newsletter}:
2025-04-04T21:59:26.393Z - INFO: Mapped {/api/v1/em/newsletter, POST} route
2025-04-04T21:59:26.393Z - INFO: Mapped {/api/v1/em/newsletter, GET} route
2025-04-04T21:59:26.394Z - INFO: Mapped {/api/v1/em/newsletter/:id, GET} route
2025-04-04T21:59:26.394Z - INFO: Mapped {/api/v1/em/newsletter/:id, PATCH} route
2025-04-04T21:59:26.394Z - INFO: Mapped {/api/v1/em/newsletter/:id, DELETE} route
2025-04-04T21:59:26.395Z - INFO: SubscribersController {/api/v1/em/subscribers}:
2025-04-04T21:59:26.395Z - INFO: Mapped {/api/v1/em/subscribers, POST} route
2025-04-04T21:59:26.395Z - INFO: Mapped {/api/v1/em/subscribers, PATCH} route
2025-04-04T21:59:26.396Z - INFO: BookingsController {/api/v1/em}:
2025-04-04T21:59:26.396Z - INFO: Mapped {/api/v1/em/events/:eventId/bookings, POST} route
2025-04-04T21:59:26.397Z - INFO: Mapped {/api/v1/em/events/:eventId/bookings/process, POST} route
2025-04-04T21:59:26.397Z - INFO: Mapped {/api/v1/em/bookings, GET} route
2025-04-04T21:59:26.398Z - INFO: Mapped {/api/v1/em/bookings/:id, GET} route
2025-04-04T21:59:26.398Z - INFO: Mapped {/api/v1/em/bookings/:id, DELETE} route
2025-04-04T21:59:26.398Z - INFO: Mapped {/api/v1/em/bookings/transfer, POST} route
2025-04-04T21:59:26.399Z - INFO: Mapped {/api/v1/em/bookings/update-rsvp, PATCH} route
2025-04-04T21:59:26.399Z - INFO: Mapped {/api/v1/em/bookings/complimentary, POST} route
2025-04-04T21:59:26.400Z - INFO: Mapped {/api/v1/em/bookings/verify, POST} route
2025-04-04T21:59:26.400Z - INFO: BookingsTransactionsController {/api/v1/em/bookings-transactions}:
2025-04-04T21:59:26.400Z - INFO: Mapped {/api/v1/em/bookings-transactions, POST} route
2025-04-04T21:59:26.401Z - INFO: Mapped {/api/v1/em/bookings-transactions, GET} route
2025-04-04T21:59:26.401Z - INFO: Mapped {/api/v1/em/bookings-transactions/:id, GET} route
2025-04-04T21:59:26.401Z - INFO: Mapped {/api/v1/em/bookings-transactions/:id, PATCH} route
2025-04-04T21:59:26.402Z - INFO: Mapped {/api/v1/em/bookings-transactions/:id, DELETE} route
2025-04-04T21:59:26.402Z - INFO: AttendeeDashboardController {/api/v1/em/attendee-dashboard}:
2025-04-04T21:59:26.402Z - INFO: Mapped {/api/v1/em/attendee-dashboard, GET} route
2025-04-04T21:59:26.402Z - INFO: GuestsController {/api/v1/em}:
2025-04-04T21:59:26.403Z - INFO: Mapped {/api/v1/em/events/:eventId/guests, GET} route
2025-04-04T21:59:26.403Z - INFO: Mapped {/api/v1/em/guests/:bookingId, GET} route
2025-04-04T21:59:26.404Z - INFO: Mapped {/api/v1/em/events/:eventId/guests/broadcast, POST} route
2025-04-04T21:59:26.404Z - INFO: Mapped {/api/v1/em/events/:eventId/guests/check, POST} route
2025-04-04T21:59:26.404Z - INFO: AdminDashboardController {/api/v1/em/admin/dashboard}:
2025-04-04T21:59:26.405Z - INFO: Mapped {/api/v1/em/admin/dashboard/active-users-chart, GET} route
2025-04-04T21:59:26.405Z - INFO: Mapped {/api/v1/em/admin/dashboard/analytics, GET} route
2025-04-04T21:59:26.405Z - INFO: SystemRegisterController {/api/v1/em/system-register}:
2025-04-04T21:59:26.406Z - INFO: Mapped {/api/v1/em/system-register, POST} route
2025-04-04T21:59:26.406Z - INFO: Mapped {/api/v1/em/system-register, GET} route
2025-04-04T21:59:26.407Z - INFO: Mapped {/api/v1/em/system-register/:id, GET} route
2025-04-04T21:59:26.407Z - INFO: Mapped {/api/v1/em/system-register/:id, PATCH} route
2025-04-04T21:59:26.407Z - INFO: Mapped {/api/v1/em/system-register/:id, DELETE} route
2025-04-04T21:59:26.408Z - INFO: AdminManagementController {/api/v1/em/admin-management}:
2025-04-04T21:59:26.408Z - INFO: Mapped {/api/v1/em/admin-management/get-all-users, GET} route
2025-04-04T21:59:26.409Z - INFO: Mapped {/api/v1/em/admin-management/user-stats, GET} route
2025-04-04T21:59:26.409Z - INFO: Mapped {/api/v1/em/admin-management/:id, GET} route
2025-04-04T21:59:26.410Z - INFO: Mapped {/api/v1/em/admin-management/export-all-users, POST} route
2025-04-04T21:59:26.410Z - INFO: Mapped {/api/v1/em/admin-management/:id/block-user, POST} route
2025-04-04T21:59:26.410Z - INFO: Mapped {/api/v1/em/admin-management/:id/unblock-user, POST} route
2025-04-04T21:59:26.410Z - INFO: EventManagementController {/api/v1/em/admin/events}:
2025-04-04T21:59:26.411Z - INFO: Mapped {/api/v1/em/admin/events, GET} route
2025-04-04T21:59:26.411Z - INFO: Mapped {/api/v1/em/admin/events/export, POST} route
2025-04-04T21:59:26.412Z - INFO: SubscribersManagementController {/api/v1/em/admin/subscribers}:
2025-04-04T21:59:26.412Z - INFO: Mapped {/api/v1/em/admin/subscribers, GET} route
2025-04-04T21:59:26.412Z - INFO: Mapped {/api/v1/em/admin/subscribers/:id, GET} route
2025-04-04T21:59:26.413Z - INFO: Mapped {/api/v1/em/admin/subscribers/export, POST} route
2025-04-04T21:59:26.413Z - INFO: Mapped {/api/v1/em/admin/subscribers/:id, DELETE} route
2025-04-04T21:59:26.441Z - INFO: Nest application successfully started
2025-04-04T22:00:04.700Z - INFO: Starting Nest application...
2025-04-04T22:00:04.742Z - INFO: TypeOrmModule dependencies initialized
2025-04-04T22:00:04.742Z - INFO: MulterModule dependencies initialized
2025-04-04T22:00:04.745Z - INFO: ConfigHostModule dependencies initialized
2025-04-04T22:00:04.745Z - INFO: NewsletterModule dependencies initialized
2025-04-04T22:00:04.745Z - INFO: BookingsTransactionsModule dependencies initialized
2025-04-04T22:00:04.746Z - INFO: SystemRegisterModule dependencies initialized
2025-04-04T22:00:04.746Z - INFO: DiscoveryModule dependencies initialized
2025-04-04T22:00:04.747Z - INFO: ConfigModule dependencies initialized
2025-04-04T22:00:04.747Z - INFO: ConfigModule dependencies initialized
2025-04-04T22:00:04.748Z - INFO: ScheduleModule dependencies initialized
2025-04-04T22:00:04.748Z - INFO: EventEmitterModule dependencies initialized
2025-04-04T22:00:04.800Z - INFO: CacheModule dependencies initialized
2025-04-04T22:00:05.249Z - INFO: TypeOrmCoreModule dependencies initialized
2025-04-04T22:00:05.250Z - INFO: TypeOrmModule dependencies initialized
2025-04-04T22:00:05.250Z - INFO: TypeOrmModule dependencies initialized
2025-04-04T22:00:05.250Z - INFO: TypeOrmModule dependencies initialized
2025-04-04T22:00:05.250Z - INFO: TypeOrmModule dependencies initialized
2025-04-04T22:00:05.251Z - INFO: TypeOrmModule dependencies initialized
2025-04-04T22:00:05.251Z - INFO: TypeOrmModule dependencies initialized
2025-04-04T22:00:05.251Z - INFO: TypeOrmModule dependencies initialized
2025-04-04T22:00:05.251Z - INFO: TypeOrmModule dependencies initialized
2025-04-04T22:00:05.252Z - INFO: TypeOrmModule dependencies initialized
2025-04-04T22:00:05.252Z - INFO: TypeOrmModule dependencies initialized
2025-04-04T22:00:05.252Z - INFO: PaginationModule dependencies initialized
2025-04-04T22:00:05.252Z - INFO: TypeOrmModule dependencies initialized
2025-04-04T22:00:05.252Z - INFO: TypeOrmModule dependencies initialized
2025-04-04T22:00:05.252Z - INFO: TypeOrmModule dependencies initialized
2025-04-04T22:00:05.253Z - INFO: TypeOrmModule dependencies initialized
2025-04-04T22:00:05.253Z - INFO: TypeOrmModule dependencies initialized
2025-04-04T22:00:05.254Z - INFO: AppModule dependencies initialized
2025-04-04T22:00:05.255Z - INFO: UsersModule dependencies initialized
2025-04-04T22:00:05.257Z - INFO: EventsListenerModule dependencies initialized
2025-04-04T22:00:05.259Z - INFO: SubscribersModule dependencies initialized
2025-04-04T22:00:05.263Z - INFO: OrganizerDashboardModule dependencies initialized
2025-04-04T22:00:05.264Z - INFO: GeneralEventAnalyticsModule dependencies initialized
2025-04-04T22:00:05.264Z - INFO: AdminDashboardModule dependencies initialized
2025-04-04T22:00:05.264Z - INFO: EventManagementModule dependencies initialized
2025-04-04T22:00:05.265Z - INFO: AttendeeDashboardModule dependencies initialized
2025-04-04T22:00:05.265Z - INFO: PermissionsModule dependencies initialized
2025-04-04T22:00:05.265Z - INFO: TeamMembersModule dependencies initialized
2025-04-04T22:00:05.265Z - INFO: TeamInvitationsModule dependencies initialized
2025-04-04T22:00:05.266Z - INFO: EventAnalyticsModule dependencies initialized
2025-04-04T22:00:05.266Z - INFO: GuestsModule dependencies initialized
2025-04-04T22:00:05.266Z - INFO: SubscribersManagementModule dependencies initialized
2025-04-04T22:00:05.267Z - INFO: MarketplaceModule dependencies initialized
2025-04-04T22:00:05.267Z - INFO: TasksModule dependencies initialized
2025-04-04T22:00:05.268Z - INFO: LineItemsModule dependencies initialized
2025-04-04T22:00:05.268Z - INFO: AdminManagementModule dependencies initialized
2025-04-04T22:00:05.268Z - INFO: TransactionsModule dependencies initialized
2025-04-04T22:00:05.269Z - INFO: PaymentModule dependencies initialized
2025-04-04T22:00:05.269Z - INFO: TeamsModule dependencies initialized
2025-04-04T22:00:05.269Z - INFO: BookingsModule dependencies initialized
2025-04-04T22:00:05.270Z - INFO: EventsModule dependencies initialized
2025-04-04T22:00:05.270Z - INFO: TicketsModule dependencies initialized
2025-04-04T22:00:05.284Z - INFO: EventsController {/api/v1/em/events}:
2025-04-04T22:00:05.287Z - INFO: Mapped {/api/v1/em/events/user-onboarded-status, GET} route
2025-04-04T22:00:05.288Z - INFO: Mapped {/api/v1/em/events, POST} route
2025-04-04T22:00:05.288Z - INFO: Mapped {/api/v1/em/events, GET} route
2025-04-04T22:00:05.289Z - INFO: Mapped {/api/v1/em/events/:id, GET} route
2025-04-04T22:00:05.289Z - INFO: Mapped {/api/v1/em/events/:id/soft-deleted-event, GET} route
2025-04-04T22:00:05.290Z - INFO: Mapped {/api/v1/em/events/:slug/attendee, GET} route
2025-04-04T22:00:05.290Z - INFO: Mapped {/api/v1/em/events/:id, PATCH} route
2025-04-04T22:00:05.290Z - INFO: Mapped {/api/v1/em/events/:id, DELETE} route
2025-04-04T22:00:05.291Z - INFO: Mapped {/api/v1/em/events/restore/:id, GET} route
2025-04-04T22:00:05.292Z - INFO: Mapped {/api/v1/em/events/:id/team, POST} route
2025-04-04T22:00:05.293Z - INFO: Mapped {/api/v1/em/events/:id/team/remove, POST} route
2025-04-04T22:00:05.293Z - INFO: PaymentController {/api/v1/em/payment}:
2025-04-04T22:00:05.294Z - INFO: Mapped {/api/v1/em/payment/create-sessions, POST} route
2025-04-04T22:00:05.294Z - INFO: Mapped {/api/v1/em/payment/create-subscription, POST} route
2025-04-04T22:00:05.295Z - INFO: Mapped {/api/v1/em/payment/cancel-subscription, POST} route
2025-04-04T22:00:05.295Z - INFO: Mapped {/api/v1/em/payment/stripe-webhooks, POST} route
2025-04-04T22:00:05.296Z - INFO: Mapped {/api/v1/em/payment/express-dashboard, GET} route
2025-04-04T22:00:05.296Z - INFO: Mapped {/api/v1/em/payment/fees, POST} route
2025-04-04T22:00:05.297Z - INFO: Mapped {/api/v1/em/payment/refund, POST} route
2025-04-04T22:00:05.297Z - INFO: TransactionsController {/api/v1/em/transactions}:
2025-04-04T22:00:05.298Z - INFO: Mapped {/api/v1/em/transactions, GET} route
2025-04-04T22:00:05.298Z - INFO: Mapped {/api/v1/em/transactions/:transactionId, GET} route
2025-04-04T22:00:05.299Z - INFO: PermissionsController {/api/v1/em}:
2025-04-04T22:00:05.299Z - INFO: Mapped {/api/v1/em/permissions, POST} route
2025-04-04T22:00:05.299Z - INFO: Mapped {/api/v1/em/teams/:teamId/team-members/:memberId, GET} route
2025-04-04T22:00:05.300Z - INFO: Mapped {/api/v1/em/permissions, DELETE} route
2025-04-04T22:00:05.300Z - INFO: TicketsController {/api/v1/em/tickets}:
2025-04-04T22:00:05.301Z - INFO: Mapped {/api/v1/em/tickets, POST} route
2025-04-04T22:00:05.301Z - INFO: Mapped {/api/v1/em/tickets/:id, GET} route
2025-04-04T22:00:05.301Z - INFO: Mapped {/api/v1/em/tickets, GET} route
2025-04-04T22:00:05.302Z - INFO: Mapped {/api/v1/em/tickets/:id, PATCH} route
2025-04-04T22:00:05.302Z - INFO: Mapped {/api/v1/em/tickets/:id, DELETE} route
2025-04-04T22:00:05.302Z - INFO: TeamMembersController {/api/v1/em/teams/:teamId/members}:
2025-04-04T22:00:05.303Z - INFO: Mapped {/api/v1/em/teams/:teamId/members, GET} route
2025-04-04T22:00:05.303Z - INFO: Mapped {/api/v1/em/teams/:teamId/members/:id, GET} route
2025-04-04T22:00:05.304Z - INFO: Mapped {/api/v1/em/teams/:teamId/members/:id, PATCH} route
2025-04-04T22:00:05.304Z - INFO: Mapped {/api/v1/em/teams/:teamId/members/:id, DELETE} route
2025-04-04T22:00:05.304Z - INFO: TeamInvitationsController {/api/v1/em}:
2025-04-04T22:00:05.305Z - INFO: Mapped {/api/v1/em/teams/:teamId/invitations, POST} route
2025-04-04T22:00:05.305Z - INFO: Mapped {/api/v1/em/teams/:teamId/invitations, GET} route
2025-04-04T22:00:05.305Z - INFO: Mapped {/api/v1/em/teams/:teamId/invitations/:id, GET} route
2025-04-04T22:00:05.306Z - INFO: Mapped {/api/v1/em/teams/:teamId/invitations/resend, POST} route
2025-04-04T22:00:05.306Z - INFO: Mapped {/api/v1/em/invitations/respond, POST} route
2025-04-04T22:00:05.306Z - INFO: Mapped {/api/v1/em/invitations/details-by-token/:token, GET} route
2025-04-04T22:00:05.307Z - INFO: Mapped {/api/v1/em/teams/:teamId/invitations/:id, DELETE} route
2025-04-04T22:00:05.307Z - INFO: TeamsController {/api/v1/em/teams}:
2025-04-04T22:00:05.307Z - INFO: Mapped {/api/v1/em/teams, POST} route
2025-04-04T22:00:05.308Z - INFO: Mapped {/api/v1/em/teams, GET} route
2025-04-04T22:00:05.308Z - INFO: Mapped {/api/v1/em/teams/:id, GET} route
2025-04-04T22:00:05.308Z - INFO: Mapped {/api/v1/em/teams/:id, PATCH} route
2025-04-04T22:00:05.309Z - INFO: Mapped {/api/v1/em/teams/:id, DELETE} route
2025-04-04T22:00:05.309Z - INFO: TasksController {/api/v1/em/events/:eventId/tasks}:
2025-04-04T22:00:05.310Z - INFO: Mapped {/api/v1/em/events/:eventId/tasks, POST} route
2025-04-04T22:00:05.310Z - INFO: Mapped {/api/v1/em/events/:eventId/tasks, GET} route
2025-04-04T22:00:05.311Z - INFO: Mapped {/api/v1/em/events/:eventId/tasks/:id, GET} route
2025-04-04T22:00:05.312Z - INFO: Mapped {/api/v1/em/events/:eventId/tasks/:id, PATCH} route
2025-04-04T22:00:05.312Z - INFO: Mapped {/api/v1/em/events/:eventId/tasks/:id, DELETE} route
2025-04-04T22:00:05.312Z - INFO: LineItemsController {/api/v1/em/events/:eventId/line-items}:
2025-04-04T22:00:05.313Z - INFO: Mapped {/api/v1/em/events/:eventId/line-items, POST} route
2025-04-04T22:00:05.313Z - INFO: Mapped {/api/v1/em/events/:eventId/line-items/budget/analytics, GET} route
2025-04-04T22:00:05.314Z - INFO: Mapped {/api/v1/em/events/:eventId/line-items, GET} route
2025-04-04T22:00:05.314Z - INFO: Mapped {/api/v1/em/events/:eventId/line-items/categories/all, GET} route
2025-04-04T22:00:05.314Z - INFO: Mapped {/api/v1/em/events/:eventId/line-items/:id, GET} route
2025-04-04T22:00:05.314Z - INFO: Mapped {/api/v1/em/events/:eventId/line-items/:id, PATCH} route
2025-04-04T22:00:05.315Z - INFO: Mapped {/api/v1/em/events/:eventId/line-items/:id, DELETE} route
2025-04-04T22:00:05.315Z - INFO: OrganizerDashboardController {/api/v1/em}:
2025-04-04T22:00:05.315Z - INFO: Mapped {/api/v1/em/organizer-dashboard, GET} route
2025-04-04T22:00:05.316Z - INFO: EventAnalyticsController {/api/v1/em}:
2025-04-04T22:00:05.316Z - INFO: Mapped {/api/v1/em/event-analytics/:eventId, GET} route
2025-04-04T22:00:05.316Z - INFO: GeneralEventAnalyticsController {/api/v1/em}:
2025-04-04T22:00:05.317Z - INFO: Mapped {/api/v1/em/general-event-analytics, GET} route
2025-04-04T22:00:05.317Z - INFO: MarketplaceController {/api/v1/em/marketplace}:
2025-04-04T22:00:05.317Z - INFO: Mapped {/api/v1/em/marketplace/find-events, GET} route
2025-04-04T22:00:05.318Z - INFO: Mapped {/api/v1/em/marketplace/find-top-events, GET} route
2025-04-04T22:00:05.318Z - INFO: NewsletterController {/api/v1/em/newsletter}:
2025-04-04T22:00:05.318Z - INFO: Mapped {/api/v1/em/newsletter, POST} route
2025-04-04T22:00:05.319Z - INFO: Mapped {/api/v1/em/newsletter, GET} route
2025-04-04T22:00:05.319Z - INFO: Mapped {/api/v1/em/newsletter/:id, GET} route
2025-04-04T22:00:05.319Z - INFO: Mapped {/api/v1/em/newsletter/:id, PATCH} route
2025-04-04T22:00:05.320Z - INFO: Mapped {/api/v1/em/newsletter/:id, DELETE} route
2025-04-04T22:00:05.320Z - INFO: SubscribersController {/api/v1/em/subscribers}:
2025-04-04T22:00:05.320Z - INFO: Mapped {/api/v1/em/subscribers, POST} route
2025-04-04T22:00:05.320Z - INFO: Mapped {/api/v1/em/subscribers, PATCH} route
2025-04-04T22:00:05.321Z - INFO: BookingsController {/api/v1/em}:
2025-04-04T22:00:05.321Z - INFO: Mapped {/api/v1/em/events/:eventId/bookings, POST} route
2025-04-04T22:00:05.322Z - INFO: Mapped {/api/v1/em/events/:eventId/bookings/process, POST} route
2025-04-04T22:00:05.322Z - INFO: Mapped {/api/v1/em/bookings, GET} route
2025-04-04T22:00:05.322Z - INFO: Mapped {/api/v1/em/bookings/:id, GET} route
2025-04-04T22:00:05.323Z - INFO: Mapped {/api/v1/em/bookings/:id, DELETE} route
2025-04-04T22:00:05.323Z - INFO: Mapped {/api/v1/em/bookings/transfer, POST} route
2025-04-04T22:00:05.323Z - INFO: Mapped {/api/v1/em/bookings/update-rsvp, PATCH} route
2025-04-04T22:00:05.324Z - INFO: Mapped {/api/v1/em/bookings/complimentary, POST} route
2025-04-04T22:00:05.324Z - INFO: Mapped {/api/v1/em/bookings/verify, POST} route
2025-04-04T22:00:05.324Z - INFO: BookingsTransactionsController {/api/v1/em/bookings-transactions}:
2025-04-04T22:00:05.324Z - INFO: Mapped {/api/v1/em/bookings-transactions, POST} route
2025-04-04T22:00:05.325Z - INFO: Mapped {/api/v1/em/bookings-transactions, GET} route
2025-04-04T22:00:05.325Z - INFO: Mapped {/api/v1/em/bookings-transactions/:id, GET} route
2025-04-04T22:00:05.326Z - INFO: Mapped {/api/v1/em/bookings-transactions/:id, PATCH} route
2025-04-04T22:00:05.326Z - INFO: Mapped {/api/v1/em/bookings-transactions/:id, DELETE} route
2025-04-04T22:00:05.326Z - INFO: AttendeeDashboardController {/api/v1/em/attendee-dashboard}:
2025-04-04T22:00:05.327Z - INFO: Mapped {/api/v1/em/attendee-dashboard, GET} route
2025-04-04T22:00:05.327Z - INFO: GuestsController {/api/v1/em}:
2025-04-04T22:00:05.328Z - INFO: Mapped {/api/v1/em/events/:eventId/guests, GET} route
2025-04-04T22:00:05.328Z - INFO: Mapped {/api/v1/em/guests/:bookingId, GET} route
2025-04-04T22:00:05.329Z - INFO: Mapped {/api/v1/em/events/:eventId/guests/broadcast, POST} route
2025-04-04T22:00:05.329Z - INFO: Mapped {/api/v1/em/events/:eventId/guests/check, POST} route
2025-04-04T22:00:05.329Z - INFO: AdminDashboardController {/api/v1/em/admin/dashboard}:
2025-04-04T22:00:05.330Z - INFO: Mapped {/api/v1/em/admin/dashboard/active-users-chart, GET} route
2025-04-04T22:00:05.330Z - INFO: Mapped {/api/v1/em/admin/dashboard/analytics, GET} route
2025-04-04T22:00:05.330Z - INFO: SystemRegisterController {/api/v1/em/system-register}:
2025-04-04T22:00:05.331Z - INFO: Mapped {/api/v1/em/system-register, POST} route
2025-04-04T22:00:05.331Z - INFO: Mapped {/api/v1/em/system-register, GET} route
2025-04-04T22:00:05.332Z - INFO: Mapped {/api/v1/em/system-register/:id, GET} route
2025-04-04T22:00:05.332Z - INFO: Mapped {/api/v1/em/system-register/:id, PATCH} route
2025-04-04T22:00:05.332Z - INFO: Mapped {/api/v1/em/system-register/:id, DELETE} route
2025-04-04T22:00:05.332Z - INFO: AdminManagementController {/api/v1/em/admin-management}:
2025-04-04T22:00:05.333Z - INFO: Mapped {/api/v1/em/admin-management/get-all-users, GET} route
2025-04-04T22:00:05.333Z - INFO: Mapped {/api/v1/em/admin-management/user-stats, GET} route
2025-04-04T22:00:05.334Z - INFO: Mapped {/api/v1/em/admin-management/:id, GET} route
2025-04-04T22:00:05.334Z - INFO: Mapped {/api/v1/em/admin-management/export-all-users, POST} route
2025-04-04T22:00:05.334Z - INFO: Mapped {/api/v1/em/admin-management/:id/block-user, POST} route
2025-04-04T22:00:05.335Z - INFO: Mapped {/api/v1/em/admin-management/:id/unblock-user, POST} route
2025-04-04T22:00:05.335Z - INFO: EventManagementController {/api/v1/em/admin/events}:
2025-04-04T22:00:05.335Z - INFO: Mapped {/api/v1/em/admin/events, GET} route
2025-04-04T22:00:05.336Z - INFO: Mapped {/api/v1/em/admin/events/export, POST} route
2025-04-04T22:00:05.336Z - INFO: SubscribersManagementController {/api/v1/em/admin/subscribers}:
2025-04-04T22:00:05.336Z - INFO: Mapped {/api/v1/em/admin/subscribers, GET} route
2025-04-04T22:00:05.336Z - INFO: Mapped {/api/v1/em/admin/subscribers/:id, GET} route
2025-04-04T22:00:05.337Z - INFO: Mapped {/api/v1/em/admin/subscribers/export, POST} route
2025-04-04T22:00:05.337Z - INFO: Mapped {/api/v1/em/admin/subscribers/:id, DELETE} route
2025-04-04T22:00:05.359Z - INFO: Nest application successfully started
2025-04-04T22:04:23.348Z - INFO: Starting Nest application...
2025-04-04T22:04:23.383Z - INFO: TypeOrmModule dependencies initialized
2025-04-04T22:04:23.383Z - INFO: MulterModule dependencies initialized
2025-04-04T22:04:23.384Z - INFO: ConfigHostModule dependencies initialized
2025-04-04T22:04:23.385Z - INFO: NewsletterModule dependencies initialized
2025-04-04T22:04:23.385Z - INFO: BookingsTransactionsModule dependencies initialized
2025-04-04T22:04:23.385Z - INFO: SystemRegisterModule dependencies initialized
2025-04-04T22:04:23.386Z - INFO: DiscoveryModule dependencies initialized
2025-04-04T22:04:23.386Z - INFO: ConfigModule dependencies initialized
2025-04-04T22:04:23.387Z - INFO: ConfigModule dependencies initialized
2025-04-04T22:04:23.388Z - INFO: ScheduleModule dependencies initialized
2025-04-04T22:04:23.388Z - INFO: EventEmitterModule dependencies initialized
2025-04-04T22:04:23.437Z - INFO: CacheModule dependencies initialized
2025-04-04T22:04:23.868Z - INFO: TypeOrmCoreModule dependencies initialized
2025-04-04T22:04:23.869Z - INFO: TypeOrmModule dependencies initialized
2025-04-04T22:04:23.870Z - INFO: TypeOrmModule dependencies initialized
2025-04-04T22:04:23.870Z - INFO: TypeOrmModule dependencies initialized
2025-04-04T22:04:23.870Z - INFO: TypeOrmModule dependencies initialized
2025-04-04T22:04:23.870Z - INFO: TypeOrmModule dependencies initialized
2025-04-04T22:04:23.870Z - INFO: TypeOrmModule dependencies initialized
2025-04-04T22:04:23.871Z - INFO: TypeOrmModule dependencies initialized
2025-04-04T22:04:23.871Z - INFO: TypeOrmModule dependencies initialized
2025-04-04T22:04:23.871Z - INFO: TypeOrmModule dependencies initialized
2025-04-04T22:04:23.871Z - INFO: TypeOrmModule dependencies initialized
2025-04-04T22:04:23.871Z - INFO: PaginationModule dependencies initialized
2025-04-04T22:04:23.872Z - INFO: TypeOrmModule dependencies initialized
2025-04-04T22:04:23.872Z - INFO: TypeOrmModule dependencies initialized
2025-04-04T22:04:23.872Z - INFO: TypeOrmModule dependencies initialized
2025-04-04T22:04:23.872Z - INFO: TypeOrmModule dependencies initialized
2025-04-04T22:04:23.872Z - INFO: TypeOrmModule dependencies initialized
2025-04-04T22:04:23.874Z - INFO: AppModule dependencies initialized
2025-04-04T22:04:23.876Z - INFO: UsersModule dependencies initialized
2025-04-04T22:04:23.878Z - INFO: EventsListenerModule dependencies initialized
2025-04-04T22:04:23.880Z - INFO: SubscribersModule dependencies initialized
2025-04-04T22:04:23.883Z - INFO: OrganizerDashboardModule dependencies initialized
2025-04-04T22:04:23.883Z - INFO: GeneralEventAnalyticsModule dependencies initialized
2025-04-04T22:04:23.883Z - INFO: AdminDashboardModule dependencies initialized
2025-04-04T22:04:23.883Z - INFO: EventManagementModule dependencies initialized
2025-04-04T22:04:23.884Z - INFO: AttendeeDashboardModule dependencies initialized
2025-04-04T22:04:23.884Z - INFO: PermissionsModule dependencies initialized
2025-04-04T22:04:23.884Z - INFO: TeamMembersModule dependencies initialized
2025-04-04T22:04:23.885Z - INFO: TeamInvitationsModule dependencies initialized
2025-04-04T22:04:23.885Z - INFO: EventAnalyticsModule dependencies initialized
2025-04-04T22:04:23.886Z - INFO: GuestsModule dependencies initialized
2025-04-04T22:04:23.886Z - INFO: SubscribersManagementModule dependencies initialized
2025-04-04T22:04:23.887Z - INFO: MarketplaceModule dependencies initialized
2025-04-04T22:04:23.887Z - INFO: TasksModule dependencies initialized
2025-04-04T22:04:23.887Z - INFO: LineItemsModule dependencies initialized
2025-04-04T22:04:23.888Z - INFO: AdminManagementModule dependencies initialized
2025-04-04T22:04:23.888Z - INFO: TransactionsModule dependencies initialized
2025-04-04T22:04:23.888Z - INFO: PaymentModule dependencies initialized
2025-04-04T22:04:23.889Z - INFO: TeamsModule dependencies initialized
2025-04-04T22:04:23.889Z - INFO: BookingsModule dependencies initialized
2025-04-04T22:04:23.890Z - INFO: EventsModule dependencies initialized
2025-04-04T22:04:23.890Z - INFO: TicketsModule dependencies initialized
2025-04-04T22:04:23.906Z - INFO: EventsController {/api/v1/em/events}:
2025-04-04T22:04:23.910Z - INFO: Mapped {/api/v1/em/events/user-onboarded-status, GET} route
2025-04-04T22:04:23.911Z - INFO: Mapped {/api/v1/em/events, POST} route
2025-04-04T22:04:23.912Z - INFO: Mapped {/api/v1/em/events, GET} route
2025-04-04T22:04:23.913Z - INFO: Mapped {/api/v1/em/events/:id, GET} route
2025-04-04T22:04:23.913Z - INFO: Mapped {/api/v1/em/events/:id/soft-deleted-event, GET} route
2025-04-04T22:04:23.914Z - INFO: Mapped {/api/v1/em/events/:slug/attendee, GET} route
2025-04-04T22:04:23.914Z - INFO: Mapped {/api/v1/em/events/:id, PATCH} route
2025-04-04T22:04:23.915Z - INFO: Mapped {/api/v1/em/events/:id, DELETE} route
2025-04-04T22:04:23.916Z - INFO: Mapped {/api/v1/em/events/restore/:id, GET} route
2025-04-04T22:04:23.917Z - INFO: Mapped {/api/v1/em/events/:id/team, POST} route
2025-04-04T22:04:23.918Z - INFO: Mapped {/api/v1/em/events/:id/team/remove, POST} route
2025-04-04T22:04:23.918Z - INFO: PaymentController {/api/v1/em/payment}:
2025-04-04T22:04:23.919Z - INFO: Mapped {/api/v1/em/payment/create-sessions, POST} route
2025-04-04T22:04:23.919Z - INFO: Mapped {/api/v1/em/payment/create-subscription, POST} route
2025-04-04T22:04:23.920Z - INFO: Mapped {/api/v1/em/payment/cancel-subscription, POST} route
2025-04-04T22:04:23.920Z - INFO: Mapped {/api/v1/em/payment/stripe-webhooks, POST} route
2025-04-04T22:04:23.921Z - INFO: Mapped {/api/v1/em/payment/express-dashboard, GET} route
2025-04-04T22:04:23.921Z - INFO: Mapped {/api/v1/em/payment/fees, POST} route
2025-04-04T22:04:23.921Z - INFO: Mapped {/api/v1/em/payment/refund, POST} route
2025-04-04T22:04:23.922Z - INFO: TransactionsController {/api/v1/em/transactions}:
2025-04-04T22:04:23.922Z - INFO: Mapped {/api/v1/em/transactions, GET} route
2025-04-04T22:04:23.923Z - INFO: Mapped {/api/v1/em/transactions/:transactionId, GET} route
2025-04-04T22:04:23.923Z - INFO: PermissionsController {/api/v1/em}:
2025-04-04T22:04:23.923Z - INFO: Mapped {/api/v1/em/permissions, POST} route
2025-04-04T22:04:23.924Z - INFO: Mapped {/api/v1/em/teams/:teamId/team-members/:memberId, GET} route
2025-04-04T22:04:23.924Z - INFO: Mapped {/api/v1/em/permissions, DELETE} route
2025-04-04T22:04:23.925Z - INFO: TicketsController {/api/v1/em/tickets}:
2025-04-04T22:04:23.926Z - INFO: Mapped {/api/v1/em/tickets, POST} route
2025-04-04T22:04:23.926Z - INFO: Mapped {/api/v1/em/tickets/:id, GET} route
2025-04-04T22:04:23.927Z - INFO: Mapped {/api/v1/em/tickets, GET} route
2025-04-04T22:04:23.927Z - INFO: Mapped {/api/v1/em/tickets/:id, PATCH} route
2025-04-04T22:04:23.928Z - INFO: Mapped {/api/v1/em/tickets/:id, DELETE} route
2025-04-04T22:04:23.928Z - INFO: TeamMembersController {/api/v1/em/teams/:teamId/members}:
2025-04-04T22:04:23.928Z - INFO: Mapped {/api/v1/em/teams/:teamId/members, GET} route
2025-04-04T22:04:23.929Z - INFO: Mapped {/api/v1/em/teams/:teamId/members/:id, GET} route
2025-04-04T22:04:23.929Z - INFO: Mapped {/api/v1/em/teams/:teamId/members/:id, PATCH} route
2025-04-04T22:04:23.929Z - INFO: Mapped {/api/v1/em/teams/:teamId/members/:id, DELETE} route
2025-04-04T22:04:23.930Z - INFO: TeamInvitationsController {/api/v1/em}:
2025-04-04T22:04:23.930Z - INFO: Mapped {/api/v1/em/teams/:teamId/invitations, POST} route
2025-04-04T22:04:23.930Z - INFO: Mapped {/api/v1/em/teams/:teamId/invitations, GET} route
2025-04-04T22:04:23.931Z - INFO: Mapped {/api/v1/em/teams/:teamId/invitations/:id, GET} route
2025-04-04T22:04:23.931Z - INFO: Mapped {/api/v1/em/teams/:teamId/invitations/resend, POST} route
2025-04-04T22:04:23.932Z - INFO: Mapped {/api/v1/em/invitations/respond, POST} route
2025-04-04T22:04:23.932Z - INFO: Mapped {/api/v1/em/invitations/details-by-token/:token, GET} route
2025-04-04T22:04:23.932Z - INFO: Mapped {/api/v1/em/teams/:teamId/invitations/:id, DELETE} route
2025-04-04T22:04:23.932Z - INFO: TeamsController {/api/v1/em/teams}:
2025-04-04T22:04:23.933Z - INFO: Mapped {/api/v1/em/teams, POST} route
2025-04-04T22:04:23.933Z - INFO: Mapped {/api/v1/em/teams, GET} route
2025-04-04T22:04:23.934Z - INFO: Mapped {/api/v1/em/teams/:id, GET} route
2025-04-04T22:04:23.934Z - INFO: Mapped {/api/v1/em/teams/:id, PATCH} route
2025-04-04T22:04:23.934Z - INFO: Mapped {/api/v1/em/teams/:id, DELETE} route
2025-04-04T22:04:23.935Z - INFO: TasksController {/api/v1/em/events/:eventId/tasks}:
2025-04-04T22:04:23.935Z - INFO: Mapped {/api/v1/em/events/:eventId/tasks, POST} route
2025-04-04T22:04:23.936Z - INFO: Mapped {/api/v1/em/events/:eventId/tasks, GET} route
2025-04-04T22:04:23.936Z - INFO: Mapped {/api/v1/em/events/:eventId/tasks/:id, GET} route
2025-04-04T22:04:23.937Z - INFO: Mapped {/api/v1/em/events/:eventId/tasks/:id, PATCH} route
2025-04-04T22:04:23.937Z - INFO: Mapped {/api/v1/em/events/:eventId/tasks/:id, DELETE} route
2025-04-04T22:04:23.938Z - INFO: LineItemsController {/api/v1/em/events/:eventId/line-items}:
2025-04-04T22:04:23.938Z - INFO: Mapped {/api/v1/em/events/:eventId/line-items, POST} route
2025-04-04T22:04:23.939Z - INFO: Mapped {/api/v1/em/events/:eventId/line-items/budget/analytics, GET} route
2025-04-04T22:04:23.939Z - INFO: Mapped {/api/v1/em/events/:eventId/line-items, GET} route
2025-04-04T22:04:23.939Z - INFO: Mapped {/api/v1/em/events/:eventId/line-items/categories/all, GET} route
2025-04-04T22:04:23.939Z - INFO: Mapped {/api/v1/em/events/:eventId/line-items/:id, GET} route
2025-04-04T22:04:23.940Z - INFO: Mapped {/api/v1/em/events/:eventId/line-items/:id, PATCH} route
2025-04-04T22:04:23.940Z - INFO: Mapped {/api/v1/em/events/:eventId/line-items/:id, DELETE} route
2025-04-04T22:04:23.940Z - INFO: OrganizerDashboardController {/api/v1/em}:
2025-04-04T22:04:23.941Z - INFO: Mapped {/api/v1/em/organizer-dashboard, GET} route
2025-04-04T22:04:23.941Z - INFO: EventAnalyticsController {/api/v1/em}:
2025-04-04T22:04:23.942Z - INFO: Mapped {/api/v1/em/event-analytics/:eventId, GET} route
2025-04-04T22:04:23.942Z - INFO: GeneralEventAnalyticsController {/api/v1/em}:
2025-04-04T22:04:23.943Z - INFO: Mapped {/api/v1/em/general-event-analytics, GET} route
2025-04-04T22:04:23.943Z - INFO: MarketplaceController {/api/v1/em/marketplace}:
2025-04-04T22:04:23.943Z - INFO: Mapped {/api/v1/em/marketplace/find-events, GET} route
2025-04-04T22:04:23.944Z - INFO: Mapped {/api/v1/em/marketplace/find-top-events, GET} route
2025-04-04T22:04:23.944Z - INFO: NewsletterController {/api/v1/em/newsletter}:
2025-04-04T22:04:23.944Z - INFO: Mapped {/api/v1/em/newsletter, POST} route
2025-04-04T22:04:23.945Z - INFO: Mapped {/api/v1/em/newsletter, GET} route
2025-04-04T22:04:23.945Z - INFO: Mapped {/api/v1/em/newsletter/:id, GET} route
2025-04-04T22:04:23.946Z - INFO: Mapped {/api/v1/em/newsletter/:id, PATCH} route
2025-04-04T22:04:23.946Z - INFO: Mapped {/api/v1/em/newsletter/:id, DELETE} route
2025-04-04T22:04:23.946Z - INFO: SubscribersController {/api/v1/em/subscribers}:
2025-04-04T22:04:23.947Z - INFO: Mapped {/api/v1/em/subscribers, POST} route
2025-04-04T22:04:23.947Z - INFO: Mapped {/api/v1/em/subscribers, PATCH} route
2025-04-04T22:04:23.948Z - INFO: BookingsController {/api/v1/em}:
2025-04-04T22:04:23.948Z - INFO: Mapped {/api/v1/em/events/:eventId/bookings, POST} route
2025-04-04T22:04:23.948Z - INFO: Mapped {/api/v1/em/events/:eventId/bookings/process, POST} route
2025-04-04T22:04:23.949Z - INFO: Mapped {/api/v1/em/bookings, GET} route
2025-04-04T22:04:23.949Z - INFO: Mapped {/api/v1/em/bookings/:id, GET} route
2025-04-04T22:04:23.950Z - INFO: Mapped {/api/v1/em/bookings/:id, DELETE} route
2025-04-04T22:04:23.950Z - INFO: Mapped {/api/v1/em/bookings/transfer, POST} route
2025-04-04T22:04:23.951Z - INFO: Mapped {/api/v1/em/bookings/update-rsvp, PATCH} route
2025-04-04T22:04:23.951Z - INFO: Mapped {/api/v1/em/bookings/complimentary, POST} route
2025-04-04T22:04:23.952Z - INFO: Mapped {/api/v1/em/bookings/verify, POST} route
2025-04-04T22:04:23.952Z - INFO: BookingsTransactionsController {/api/v1/em/bookings-transactions}:
2025-04-04T22:04:23.952Z - INFO: Mapped {/api/v1/em/bookings-transactions, POST} route
2025-04-04T22:04:23.953Z - INFO: Mapped {/api/v1/em/bookings-transactions, GET} route
2025-04-04T22:04:23.953Z - INFO: Mapped {/api/v1/em/bookings-transactions/:id, GET} route
2025-04-04T22:04:23.953Z - INFO: Mapped {/api/v1/em/bookings-transactions/:id, PATCH} route
2025-04-04T22:04:23.954Z - INFO: Mapped {/api/v1/em/bookings-transactions/:id, DELETE} route
2025-04-04T22:04:23.954Z - INFO: AttendeeDashboardController {/api/v1/em/attendee-dashboard}:
2025-04-04T22:04:23.954Z - INFO: Mapped {/api/v1/em/attendee-dashboard, GET} route
2025-04-04T22:04:23.954Z - INFO: GuestsController {/api/v1/em}:
2025-04-04T22:04:23.955Z - INFO: Mapped {/api/v1/em/events/:eventId/guests, GET} route
2025-04-04T22:04:23.955Z - INFO: Mapped {/api/v1/em/guests/:bookingId, GET} route
2025-04-04T22:04:23.956Z - INFO: Mapped {/api/v1/em/events/:eventId/guests/broadcast, POST} route
2025-04-04T22:04:23.956Z - INFO: Mapped {/api/v1/em/events/:eventId/guests/check, POST} route
2025-04-04T22:04:23.956Z - INFO: AdminDashboardController {/api/v1/em/admin/dashboard}:
2025-04-04T22:04:23.957Z - INFO: Mapped {/api/v1/em/admin/dashboard/active-users-chart, GET} route
2025-04-04T22:04:23.957Z - INFO: Mapped {/api/v1/em/admin/dashboard/analytics, GET} route
2025-04-04T22:04:23.958Z - INFO: SystemRegisterController {/api/v1/em/system-register}:
2025-04-04T22:04:23.958Z - INFO: Mapped {/api/v1/em/system-register, POST} route
2025-04-04T22:04:23.959Z - INFO: Mapped {/api/v1/em/system-register, GET} route
2025-04-04T22:04:23.959Z - INFO: Mapped {/api/v1/em/system-register/:id, GET} route
2025-04-04T22:04:23.960Z - INFO: Mapped {/api/v1/em/system-register/:id, PATCH} route
2025-04-04T22:04:23.960Z - INFO: Mapped {/api/v1/em/system-register/:id, DELETE} route
2025-04-04T22:04:23.960Z - INFO: AdminManagementController {/api/v1/em/admin-management}:
2025-04-04T22:04:23.961Z - INFO: Mapped {/api/v1/em/admin-management/get-all-users, GET} route
2025-04-04T22:04:23.961Z - INFO: Mapped {/api/v1/em/admin-management/user-stats, GET} route
2025-04-04T22:04:23.962Z - INFO: Mapped {/api/v1/em/admin-management/:id, GET} route
2025-04-04T22:04:23.962Z - INFO: Mapped {/api/v1/em/admin-management/export-all-users, POST} route
2025-04-04T22:04:23.962Z - INFO: Mapped {/api/v1/em/admin-management/:id/block-user, POST} route
2025-04-04T22:04:23.963Z - INFO: Mapped {/api/v1/em/admin-management/:id/unblock-user, POST} route
2025-04-04T22:04:23.963Z - INFO: EventManagementController {/api/v1/em/admin/events}:
2025-04-04T22:04:23.963Z - INFO: Mapped {/api/v1/em/admin/events, GET} route
2025-04-04T22:04:23.964Z - INFO: Mapped {/api/v1/em/admin/events/export, POST} route
2025-04-04T22:04:23.964Z - INFO: SubscribersManagementController {/api/v1/em/admin/subscribers}:
2025-04-04T22:04:23.964Z - INFO: Mapped {/api/v1/em/admin/subscribers, GET} route
2025-04-04T22:04:23.964Z - INFO: Mapped {/api/v1/em/admin/subscribers/:id, GET} route
2025-04-04T22:04:23.965Z - INFO: Mapped {/api/v1/em/admin/subscribers/export, POST} route
2025-04-04T22:04:23.965Z - INFO: Mapped {/api/v1/em/admin/subscribers/:id, DELETE} route
2025-04-04T22:04:23.987Z - INFO: Nest application successfully started
2025-04-04T22:04:53.432Z - INFO: Starting Nest application...
2025-04-04T22:04:53.472Z - INFO: TypeOrmModule dependencies initialized
2025-04-04T22:04:53.472Z - INFO: MulterModule dependencies initialized
2025-04-04T22:04:53.474Z - INFO: ConfigHostModule dependencies initialized
2025-04-04T22:04:53.474Z - INFO: NewsletterModule dependencies initialized
2025-04-04T22:04:53.474Z - INFO: BookingsTransactionsModule dependencies initialized
2025-04-04T22:04:53.475Z - INFO: SystemRegisterModule dependencies initialized
2025-04-04T22:04:53.475Z - INFO: DiscoveryModule dependencies initialized
2025-04-04T22:04:53.476Z - INFO: ConfigModule dependencies initialized
2025-04-04T22:04:53.476Z - INFO: ConfigModule dependencies initialized
2025-04-04T22:04:53.477Z - INFO: ScheduleModule dependencies initialized
2025-04-04T22:04:53.478Z - INFO: EventEmitterModule dependencies initialized
2025-04-04T22:04:53.529Z - INFO: CacheModule dependencies initialized
2025-04-04T22:05:01.252Z - INFO: TypeOrmCoreModule dependencies initialized
2025-04-04T22:05:01.253Z - INFO: TypeOrmModule dependencies initialized
2025-04-04T22:05:01.254Z - INFO: TypeOrmModule dependencies initialized
2025-04-04T22:05:01.254Z - INFO: TypeOrmModule dependencies initialized
2025-04-04T22:05:01.254Z - INFO: TypeOrmModule dependencies initialized
2025-04-04T22:05:01.254Z - INFO: TypeOrmModule dependencies initialized
2025-04-04T22:05:01.255Z - INFO: TypeOrmModule dependencies initialized
2025-04-04T22:05:01.255Z - INFO: TypeOrmModule dependencies initialized
2025-04-04T22:05:01.256Z - INFO: TypeOrmModule dependencies initialized
2025-04-04T22:05:01.256Z - INFO: TypeOrmModule dependencies initialized
2025-04-04T22:05:01.256Z - INFO: TypeOrmModule dependencies initialized
2025-04-04T22:05:01.256Z - INFO: PaginationModule dependencies initialized
2025-04-04T22:05:01.257Z - INFO: TypeOrmModule dependencies initialized
2025-04-04T22:05:01.257Z - INFO: TypeOrmModule dependencies initialized
2025-04-04T22:05:01.257Z - INFO: TypeOrmModule dependencies initialized
2025-04-04T22:05:01.258Z - INFO: TypeOrmModule dependencies initialized
2025-04-04T22:05:01.258Z - INFO: TypeOrmModule dependencies initialized
2025-04-04T22:05:01.260Z - INFO: AppModule dependencies initialized
2025-04-04T22:05:01.262Z - INFO: UsersModule dependencies initialized
2025-04-04T22:05:01.265Z - INFO: EventsListenerModule dependencies initialized
2025-04-04T22:05:01.268Z - INFO: SubscribersModule dependencies initialized
2025-04-04T22:05:01.271Z - INFO: OrganizerDashboardModule dependencies initialized
2025-04-04T22:05:01.272Z - INFO: GeneralEventAnalyticsModule dependencies initialized
2025-04-04T22:05:01.272Z - INFO: AdminDashboardModule dependencies initialized
2025-04-04T22:05:01.272Z - INFO: EventManagementModule dependencies initialized
2025-04-04T22:05:01.272Z - INFO: AttendeeDashboardModule dependencies initialized
2025-04-04T22:05:01.273Z - INFO: PermissionsModule dependencies initialized
2025-04-04T22:05:01.273Z - INFO: TeamMembersModule dependencies initialized
2025-04-04T22:05:01.274Z - INFO: TeamInvitationsModule dependencies initialized
2025-04-04T22:05:01.274Z - INFO: EventAnalyticsModule dependencies initialized
2025-04-04T22:05:01.274Z - INFO: GuestsModule dependencies initialized
2025-04-04T22:05:01.275Z - INFO: SubscribersManagementModule dependencies initialized
2025-04-04T22:05:01.276Z - INFO: MarketplaceModule dependencies initialized
2025-04-04T22:05:01.276Z - INFO: TasksModule dependencies initialized
2025-04-04T22:05:01.276Z - INFO: LineItemsModule dependencies initialized
2025-04-04T22:05:01.277Z - INFO: AdminManagementModule dependencies initialized
2025-04-04T22:05:01.277Z - INFO: TransactionsModule dependencies initialized
2025-04-04T22:05:01.277Z - INFO: PaymentModule dependencies initialized
2025-04-04T22:05:01.278Z - INFO: TeamsModule dependencies initialized
2025-04-04T22:05:01.278Z - INFO: BookingsModule dependencies initialized
2025-04-04T22:05:01.279Z - INFO: EventsModule dependencies initialized
2025-04-04T22:05:01.279Z - INFO: TicketsModule dependencies initialized
2025-04-04T22:05:01.297Z - INFO: EventsController {/api/v1/em/events}:
2025-04-04T22:05:01.300Z - INFO: Mapped {/api/v1/em/events/user-onboarded-status, GET} route
2025-04-04T22:05:01.301Z - INFO: Mapped {/api/v1/em/events, POST} route
2025-04-04T22:05:01.301Z - INFO: Mapped {/api/v1/em/events, GET} route
2025-04-04T22:05:01.302Z - INFO: Mapped {/api/v1/em/events/:id, GET} route
2025-04-04T22:05:01.303Z - INFO: Mapped {/api/v1/em/events/:id/soft-deleted-event, GET} route
2025-04-04T22:05:01.303Z - INFO: Mapped {/api/v1/em/events/:slug/attendee, GET} route
2025-04-04T22:05:01.304Z - INFO: Mapped {/api/v1/em/events/:id, PATCH} route
2025-04-04T22:05:01.305Z - INFO: Mapped {/api/v1/em/events/:id, DELETE} route
2025-04-04T22:05:01.305Z - INFO: Mapped {/api/v1/em/events/restore/:id, GET} route
2025-04-04T22:05:01.306Z - INFO: Mapped {/api/v1/em/events/:id/team, POST} route
2025-04-04T22:05:01.306Z - INFO: Mapped {/api/v1/em/events/:id/team/remove, POST} route
2025-04-04T22:05:01.307Z - INFO: PaymentController {/api/v1/em/payment}:
2025-04-04T22:05:01.307Z - INFO: Mapped {/api/v1/em/payment/create-sessions, POST} route
2025-04-04T22:05:01.308Z - INFO: Mapped {/api/v1/em/payment/create-subscription, POST} route
2025-04-04T22:05:01.308Z - INFO: Mapped {/api/v1/em/payment/cancel-subscription, POST} route
2025-04-04T22:05:01.308Z - INFO: Mapped {/api/v1/em/payment/stripe-webhooks, POST} route
2025-04-04T22:05:01.309Z - INFO: Mapped {/api/v1/em/payment/express-dashboard, GET} route
2025-04-04T22:05:01.309Z - INFO: Mapped {/api/v1/em/payment/fees, POST} route
2025-04-04T22:05:01.309Z - INFO: Mapped {/api/v1/em/payment/refund, POST} route
2025-04-04T22:05:01.310Z - INFO: TransactionsController {/api/v1/em/transactions}:
2025-04-04T22:05:01.310Z - INFO: Mapped {/api/v1/em/transactions, GET} route
2025-04-04T22:05:01.311Z - INFO: Mapped {/api/v1/em/transactions/:transactionId, GET} route
2025-04-04T22:05:01.311Z - INFO: PermissionsController {/api/v1/em}:
2025-04-04T22:05:01.311Z - INFO: Mapped {/api/v1/em/permissions, POST} route
2025-04-04T22:05:01.312Z - INFO: Mapped {/api/v1/em/teams/:teamId/team-members/:memberId, GET} route
2025-04-04T22:05:01.312Z - INFO: Mapped {/api/v1/em/permissions, DELETE} route
2025-04-04T22:05:01.313Z - INFO: TicketsController {/api/v1/em/tickets}:
2025-04-04T22:05:01.313Z - INFO: Mapped {/api/v1/em/tickets, POST} route
2025-04-04T22:05:01.314Z - INFO: Mapped {/api/v1/em/tickets/:id, GET} route
2025-04-04T22:05:01.314Z - INFO: Mapped {/api/v1/em/tickets, GET} route
2025-04-04T22:05:01.315Z - INFO: Mapped {/api/v1/em/tickets/:id, PATCH} route
2025-04-04T22:05:01.315Z - INFO: Mapped {/api/v1/em/tickets/:id, DELETE} route
2025-04-04T22:05:01.315Z - INFO: TeamMembersController {/api/v1/em/teams/:teamId/members}:
2025-04-04T22:05:01.316Z - INFO: Mapped {/api/v1/em/teams/:teamId/members, GET} route
2025-04-04T22:05:01.316Z - INFO: Mapped {/api/v1/em/teams/:teamId/members/:id, GET} route
2025-04-04T22:05:01.317Z - INFO: Mapped {/api/v1/em/teams/:teamId/members/:id, PATCH} route
2025-04-04T22:05:01.317Z - INFO: Mapped {/api/v1/em/teams/:teamId/members/:id, DELETE} route
2025-04-04T22:05:01.318Z - INFO: TeamInvitationsController {/api/v1/em}:
2025-04-04T22:05:01.318Z - INFO: Mapped {/api/v1/em/teams/:teamId/invitations, POST} route
2025-04-04T22:05:01.319Z - INFO: Mapped {/api/v1/em/teams/:teamId/invitations, GET} route
2025-04-04T22:05:01.319Z - INFO: Mapped {/api/v1/em/teams/:teamId/invitations/:id, GET} route
2025-04-04T22:05:01.320Z - INFO: Mapped {/api/v1/em/teams/:teamId/invitations/resend, POST} route
2025-04-04T22:05:01.320Z - INFO: Mapped {/api/v1/em/invitations/respond, POST} route
2025-04-04T22:05:01.320Z - INFO: Mapped {/api/v1/em/invitations/details-by-token/:token, GET} route
2025-04-04T22:05:01.321Z - INFO: Mapped {/api/v1/em/teams/:teamId/invitations/:id, DELETE} route
2025-04-04T22:05:01.321Z - INFO: TeamsController {/api/v1/em/teams}:
2025-04-04T22:05:01.321Z - INFO: Mapped {/api/v1/em/teams, POST} route
2025-04-04T22:05:01.322Z - INFO: Mapped {/api/v1/em/teams, GET} route
2025-04-04T22:05:01.322Z - INFO: Mapped {/api/v1/em/teams/:id, GET} route
2025-04-04T22:05:01.322Z - INFO: Mapped {/api/v1/em/teams/:id, PATCH} route
2025-04-04T22:05:01.323Z - INFO: Mapped {/api/v1/em/teams/:id, DELETE} route
2025-04-04T22:05:01.323Z - INFO: TasksController {/api/v1/em/events/:eventId/tasks}:
2025-04-04T22:05:01.323Z - INFO: Mapped {/api/v1/em/events/:eventId/tasks, POST} route
2025-04-04T22:05:01.324Z - INFO: Mapped {/api/v1/em/events/:eventId/tasks, GET} route
2025-04-04T22:05:01.324Z - INFO: Mapped {/api/v1/em/events/:eventId/tasks/:id, GET} route
2025-04-04T22:05:01.324Z - INFO: Mapped {/api/v1/em/events/:eventId/tasks/:id, PATCH} route
2025-04-04T22:05:01.325Z - INFO: Mapped {/api/v1/em/events/:eventId/tasks/:id, DELETE} route
2025-04-04T22:05:01.325Z - INFO: LineItemsController {/api/v1/em/events/:eventId/line-items}:
2025-04-04T22:05:01.326Z - INFO: Mapped {/api/v1/em/events/:eventId/line-items, POST} route
2025-04-04T22:05:01.326Z - INFO: Mapped {/api/v1/em/events/:eventId/line-items/budget/analytics, GET} route
2025-04-04T22:05:01.327Z - INFO: Mapped {/api/v1/em/events/:eventId/line-items, GET} route
2025-04-04T22:05:01.327Z - INFO: Mapped {/api/v1/em/events/:eventId/line-items/categories/all, GET} route
2025-04-04T22:05:01.327Z - INFO: Mapped {/api/v1/em/events/:eventId/line-items/:id, GET} route
2025-04-04T22:05:01.328Z - INFO: Mapped {/api/v1/em/events/:eventId/line-items/:id, PATCH} route
2025-04-04T22:05:01.328Z - INFO: Mapped {/api/v1/em/events/:eventId/line-items/:id, DELETE} route
2025-04-04T22:05:01.329Z - INFO: OrganizerDashboardController {/api/v1/em}:
2025-04-04T22:05:01.329Z - INFO: Mapped {/api/v1/em/organizer-dashboard, GET} route
2025-04-04T22:05:01.329Z - INFO: EventAnalyticsController {/api/v1/em}:
2025-04-04T22:05:01.330Z - INFO: Mapped {/api/v1/em/event-analytics/:eventId, GET} route
2025-04-04T22:05:01.330Z - INFO: GeneralEventAnalyticsController {/api/v1/em}:
2025-04-04T22:05:01.330Z - INFO: Mapped {/api/v1/em/general-event-analytics, GET} route
2025-04-04T22:05:01.330Z - INFO: MarketplaceController {/api/v1/em/marketplace}:
2025-04-04T22:05:01.331Z - INFO: Mapped {/api/v1/em/marketplace/find-events, GET} route
2025-04-04T22:05:01.331Z - INFO: Mapped {/api/v1/em/marketplace/find-top-events, GET} route
2025-04-04T22:05:01.332Z - INFO: NewsletterController {/api/v1/em/newsletter}:
2025-04-04T22:05:01.332Z - INFO: Mapped {/api/v1/em/newsletter, POST} route
2025-04-04T22:05:01.332Z - INFO: Mapped {/api/v1/em/newsletter, GET} route
2025-04-04T22:05:01.333Z - INFO: Mapped {/api/v1/em/newsletter/:id, GET} route
2025-04-04T22:05:01.333Z - INFO: Mapped {/api/v1/em/newsletter/:id, PATCH} route
2025-04-04T22:05:01.334Z - INFO: Mapped {/api/v1/em/newsletter/:id, DELETE} route
2025-04-04T22:05:01.334Z - INFO: SubscribersController {/api/v1/em/subscribers}:
2025-04-04T22:05:01.334Z - INFO: Mapped {/api/v1/em/subscribers, POST} route
2025-04-04T22:05:01.335Z - INFO: Mapped {/api/v1/em/subscribers, PATCH} route
2025-04-04T22:05:01.335Z - INFO: BookingsController {/api/v1/em}:
2025-04-04T22:05:01.335Z - INFO: Mapped {/api/v1/em/events/:eventId/bookings, POST} route
2025-04-04T22:05:01.336Z - INFO: Mapped {/api/v1/em/events/:eventId/bookings/process, POST} route
2025-04-04T22:05:01.336Z - INFO: Mapped {/api/v1/em/bookings, GET} route
2025-04-04T22:05:01.337Z - INFO: Mapped {/api/v1/em/bookings/:id, GET} route
2025-04-04T22:05:01.337Z - INFO: Mapped {/api/v1/em/bookings/:id, DELETE} route
2025-04-04T22:05:01.337Z - INFO: Mapped {/api/v1/em/bookings/transfer, POST} route
2025-04-04T22:05:01.338Z - INFO: Mapped {/api/v1/em/bookings/update-rsvp, PATCH} route
2025-04-04T22:05:01.338Z - INFO: Mapped {/api/v1/em/bookings/complimentary, POST} route
2025-04-04T22:05:01.339Z - INFO: Mapped {/api/v1/em/bookings/verify, POST} route
2025-04-04T22:05:01.339Z - INFO: BookingsTransactionsController {/api/v1/em/bookings-transactions}:
2025-04-04T22:05:01.340Z - INFO: Mapped {/api/v1/em/bookings-transactions, POST} route
2025-04-04T22:05:01.340Z - INFO: Mapped {/api/v1/em/bookings-transactions, GET} route
2025-04-04T22:05:01.340Z - INFO: Mapped {/api/v1/em/bookings-transactions/:id, GET} route
2025-04-04T22:05:01.341Z - INFO: Mapped {/api/v1/em/bookings-transactions/:id, PATCH} route
2025-04-04T22:05:01.341Z - INFO: Mapped {/api/v1/em/bookings-transactions/:id, DELETE} route
2025-04-04T22:05:01.341Z - INFO: AttendeeDashboardController {/api/v1/em/attendee-dashboard}:
2025-04-04T22:05:01.342Z - INFO: Mapped {/api/v1/em/attendee-dashboard, GET} route
2025-04-04T22:05:01.342Z - INFO: GuestsController {/api/v1/em}:
2025-04-04T22:05:01.343Z - INFO: Mapped {/api/v1/em/events/:eventId/guests, GET} route
2025-04-04T22:05:01.343Z - INFO: Mapped {/api/v1/em/guests/:bookingId, GET} route
2025-04-04T22:05:01.343Z - INFO: Mapped {/api/v1/em/events/:eventId/guests/broadcast, POST} route
2025-04-04T22:05:01.344Z - INFO: Mapped {/api/v1/em/events/:eventId/guests/check, POST} route
2025-04-04T22:05:01.344Z - INFO: AdminDashboardController {/api/v1/em/admin/dashboard}:
2025-04-04T22:05:01.345Z - INFO: Mapped {/api/v1/em/admin/dashboard/active-users-chart, GET} route
2025-04-04T22:05:01.345Z - INFO: Mapped {/api/v1/em/admin/dashboard/analytics, GET} route
2025-04-04T22:05:01.345Z - INFO: SystemRegisterController {/api/v1/em/system-register}:
2025-04-04T22:05:01.346Z - INFO: Mapped {/api/v1/em/system-register, POST} route
2025-04-04T22:05:01.346Z - INFO: Mapped {/api/v1/em/system-register, GET} route
2025-04-04T22:05:01.346Z - INFO: Mapped {/api/v1/em/system-register/:id, GET} route
2025-04-04T22:05:01.347Z - INFO: Mapped {/api/v1/em/system-register/:id, PATCH} route
2025-04-04T22:05:01.347Z - INFO: Mapped {/api/v1/em/system-register/:id, DELETE} route
2025-04-04T22:05:01.348Z - INFO: AdminManagementController {/api/v1/em/admin-management}:
2025-04-04T22:05:01.348Z - INFO: Mapped {/api/v1/em/admin-management/get-all-users, GET} route
2025-04-04T22:05:01.349Z - INFO: Mapped {/api/v1/em/admin-management/user-stats, GET} route
2025-04-04T22:05:01.349Z - INFO: Mapped {/api/v1/em/admin-management/:id, GET} route
2025-04-04T22:05:01.350Z - INFO: Mapped {/api/v1/em/admin-management/export-all-users, POST} route
2025-04-04T22:05:01.350Z - INFO: Mapped {/api/v1/em/admin-management/:id/block-user, POST} route
2025-04-04T22:05:01.351Z - INFO: Mapped {/api/v1/em/admin-management/:id/unblock-user, POST} route
2025-04-04T22:05:01.351Z - INFO: EventManagementController {/api/v1/em/admin/events}:
2025-04-04T22:05:01.352Z - INFO: Mapped {/api/v1/em/admin/events, GET} route
2025-04-04T22:05:01.352Z - INFO: Mapped {/api/v1/em/admin/events/export, POST} route
2025-04-04T22:05:01.352Z - INFO: SubscribersManagementController {/api/v1/em/admin/subscribers}:
2025-04-04T22:05:01.353Z - INFO: Mapped {/api/v1/em/admin/subscribers, GET} route
2025-04-04T22:05:01.353Z - INFO: Mapped {/api/v1/em/admin/subscribers/:id, GET} route
2025-04-04T22:05:01.353Z - INFO: Mapped {/api/v1/em/admin/subscribers/export, POST} route
2025-04-04T22:05:01.354Z - INFO: Mapped {/api/v1/em/admin/subscribers/:id, DELETE} route
2025-04-04T22:05:01.383Z - INFO: Nest application successfully started
2025-04-04T22:05:54.729Z - INFO: Starting Nest application...
2025-04-04T22:05:54.786Z - INFO: TypeOrmModule dependencies initialized
2025-04-04T22:05:54.786Z - INFO: MulterModule dependencies initialized
2025-04-04T22:05:54.789Z - INFO: ConfigHostModule dependencies initialized
2025-04-04T22:05:54.789Z - INFO: NewsletterModule dependencies initialized
2025-04-04T22:05:54.790Z - INFO: BookingsTransactionsModule dependencies initialized
2025-04-04T22:05:54.790Z - INFO: SystemRegisterModule dependencies initialized
2025-04-04T22:05:54.790Z - INFO: DiscoveryModule dependencies initialized
2025-04-04T22:05:54.791Z - INFO: ConfigModule dependencies initialized
2025-04-04T22:05:54.795Z - INFO: ConfigModule dependencies initialized
2025-04-04T22:05:54.796Z - INFO: ScheduleModule dependencies initialized
2025-04-04T22:05:54.796Z - INFO: EventEmitterModule dependencies initialized
2025-04-04T22:05:54.864Z - INFO: CacheModule dependencies initialized
2025-04-04T22:05:55.795Z - INFO: TypeOrmCoreModule dependencies initialized
2025-04-04T22:05:55.796Z - INFO: TypeOrmModule dependencies initialized
2025-04-04T22:05:55.796Z - INFO: TypeOrmModule dependencies initialized
2025-04-04T22:05:55.796Z - INFO: TypeOrmModule dependencies initialized
2025-04-04T22:05:55.797Z - INFO: TypeOrmModule dependencies initialized
2025-04-04T22:05:55.797Z - INFO: TypeOrmModule dependencies initialized
2025-04-04T22:05:55.797Z - INFO: TypeOrmModule dependencies initialized
2025-04-04T22:05:55.798Z - INFO: TypeOrmModule dependencies initialized
2025-04-04T22:05:55.798Z - INFO: TypeOrmModule dependencies initialized
2025-04-04T22:05:55.798Z - INFO: TypeOrmModule dependencies initialized
2025-04-04T22:05:55.798Z - INFO: TypeOrmModule dependencies initialized
2025-04-04T22:05:55.799Z - INFO: PaginationModule dependencies initialized
2025-04-04T22:05:55.799Z - INFO: TypeOrmModule dependencies initialized
2025-04-04T22:05:55.799Z - INFO: TypeOrmModule dependencies initialized
2025-04-04T22:05:55.799Z - INFO: TypeOrmModule dependencies initialized
2025-04-04T22:05:55.800Z - INFO: TypeOrmModule dependencies initialized
2025-04-04T22:05:55.800Z - INFO: TypeOrmModule dependencies initialized
2025-04-04T22:05:55.801Z - INFO: AppModule dependencies initialized
2025-04-04T22:05:55.802Z - INFO: UsersModule dependencies initialized
2025-04-04T22:05:55.805Z - INFO: EventsListenerModule dependencies initialized
2025-04-04T22:05:55.808Z - INFO: SubscribersModule dependencies initialized
2025-04-04T22:05:55.810Z - INFO: OrganizerDashboardModule dependencies initialized
2025-04-04T22:05:55.811Z - INFO: GeneralEventAnalyticsModule dependencies initialized
2025-04-04T22:05:55.811Z - INFO: AdminDashboardModule dependencies initialized
2025-04-04T22:05:55.811Z - INFO: EventManagementModule dependencies initialized
2025-04-04T22:05:55.811Z - INFO: AttendeeDashboardModule dependencies initialized
2025-04-04T22:05:55.812Z - INFO: PermissionsModule dependencies initialized
2025-04-04T22:05:55.812Z - INFO: TeamMembersModule dependencies initialized
2025-04-04T22:05:55.812Z - INFO: TeamInvitationsModule dependencies initialized
2025-04-04T22:05:55.813Z - INFO: EventAnalyticsModule dependencies initialized
2025-04-04T22:05:55.814Z - INFO: GuestsModule dependencies initialized
2025-04-04T22:05:55.814Z - INFO: SubscribersManagementModule dependencies initialized
2025-04-04T22:05:55.815Z - INFO: MarketplaceModule dependencies initialized
2025-04-04T22:05:55.816Z - INFO: TasksModule dependencies initialized
2025-04-04T22:05:55.816Z - INFO: LineItemsModule dependencies initialized
2025-04-04T22:05:55.816Z - INFO: AdminManagementModule dependencies initialized
2025-04-04T22:05:55.817Z - INFO: TransactionsModule dependencies initialized
2025-04-04T22:05:55.818Z - INFO: PaymentModule dependencies initialized
2025-04-04T22:05:55.818Z - INFO: TeamsModule dependencies initialized
2025-04-04T22:05:55.818Z - INFO: BookingsModule dependencies initialized
2025-04-04T22:05:55.819Z - INFO: EventsModule dependencies initialized
2025-04-04T22:05:55.819Z - INFO: TicketsModule dependencies initialized
2025-04-04T22:05:55.836Z - INFO: EventsController {/api/v1/em/events}:
2025-04-04T22:05:55.840Z - INFO: Mapped {/api/v1/em/events/user-onboarded-status, GET} route
2025-04-04T22:05:55.841Z - INFO: Mapped {/api/v1/em/events, POST} route
2025-04-04T22:05:55.842Z - INFO: Mapped {/api/v1/em/events, GET} route
2025-04-04T22:05:55.842Z - INFO: Mapped {/api/v1/em/events/:id, GET} route
2025-04-04T22:05:55.843Z - INFO: Mapped {/api/v1/em/events/:id/soft-deleted-event, GET} route
2025-04-04T22:05:55.843Z - INFO: Mapped {/api/v1/em/events/:slug/attendee, GET} route
2025-04-04T22:05:55.844Z - INFO: Mapped {/api/v1/em/events/:id, PATCH} route
2025-04-04T22:05:55.845Z - INFO: Mapped {/api/v1/em/events/:id, DELETE} route
2025-04-04T22:05:55.845Z - INFO: Mapped {/api/v1/em/events/restore/:id, GET} route
2025-04-04T22:05:55.846Z - INFO: Mapped {/api/v1/em/events/:id/team, POST} route
2025-04-04T22:05:55.846Z - INFO: Mapped {/api/v1/em/events/:id/team/remove, POST} route
2025-04-04T22:05:55.847Z - INFO: PaymentController {/api/v1/em/payment}:
2025-04-04T22:05:55.847Z - INFO: Mapped {/api/v1/em/payment/create-sessions, POST} route
2025-04-04T22:05:55.848Z - INFO: Mapped {/api/v1/em/payment/create-subscription, POST} route
2025-04-04T22:05:55.848Z - INFO: Mapped {/api/v1/em/payment/cancel-subscription, POST} route
2025-04-04T22:05:55.848Z - INFO: Mapped {/api/v1/em/payment/stripe-webhooks, POST} route
2025-04-04T22:05:55.849Z - INFO: Mapped {/api/v1/em/payment/express-dashboard, GET} route
2025-04-04T22:05:55.849Z - INFO: Mapped {/api/v1/em/payment/fees, POST} route
2025-04-04T22:05:55.850Z - INFO: Mapped {/api/v1/em/payment/refund, POST} route
2025-04-04T22:05:55.850Z - INFO: TransactionsController {/api/v1/em/transactions}:
2025-04-04T22:05:55.850Z - INFO: Mapped {/api/v1/em/transactions, GET} route
2025-04-04T22:05:55.851Z - INFO: Mapped {/api/v1/em/transactions/:transactionId, GET} route
2025-04-04T22:05:55.851Z - INFO: PermissionsController {/api/v1/em}:
2025-04-04T22:05:55.851Z - INFO: Mapped {/api/v1/em/permissions, POST} route
2025-04-04T22:05:55.852Z - INFO: Mapped {/api/v1/em/teams/:teamId/team-members/:memberId, GET} route
2025-04-04T22:05:55.852Z - INFO: Mapped {/api/v1/em/permissions, DELETE} route
2025-04-04T22:05:55.853Z - INFO: TicketsController {/api/v1/em/tickets}:
2025-04-04T22:05:55.853Z - INFO: Mapped {/api/v1/em/tickets, POST} route
2025-04-04T22:05:55.853Z - INFO: Mapped {/api/v1/em/tickets/:id, GET} route
2025-04-04T22:05:55.854Z - INFO: Mapped {/api/v1/em/tickets, GET} route
2025-04-04T22:05:55.854Z - INFO: Mapped {/api/v1/em/tickets/:id, PATCH} route
2025-04-04T22:05:55.855Z - INFO: Mapped {/api/v1/em/tickets/:id, DELETE} route
2025-04-04T22:05:55.855Z - INFO: TeamMembersController {/api/v1/em/teams/:teamId/members}:
2025-04-04T22:05:55.856Z - INFO: Mapped {/api/v1/em/teams/:teamId/members, GET} route
2025-04-04T22:05:55.856Z - INFO: Mapped {/api/v1/em/teams/:teamId/members/:id, GET} route
2025-04-04T22:05:55.856Z - INFO: Mapped {/api/v1/em/teams/:teamId/members/:id, PATCH} route
2025-04-04T22:05:55.857Z - INFO: Mapped {/api/v1/em/teams/:teamId/members/:id, DELETE} route
2025-04-04T22:05:55.857Z - INFO: TeamInvitationsController {/api/v1/em}:
2025-04-04T22:05:55.857Z - INFO: Mapped {/api/v1/em/teams/:teamId/invitations, POST} route
2025-04-04T22:05:55.858Z - INFO: Mapped {/api/v1/em/teams/:teamId/invitations, GET} route
2025-04-04T22:05:55.858Z - INFO: Mapped {/api/v1/em/teams/:teamId/invitations/:id, GET} route
2025-04-04T22:05:55.859Z - INFO: Mapped {/api/v1/em/teams/:teamId/invitations/resend, POST} route
2025-04-04T22:05:55.859Z - INFO: Mapped {/api/v1/em/invitations/respond, POST} route
2025-04-04T22:05:55.859Z - INFO: Mapped {/api/v1/em/invitations/details-by-token/:token, GET} route
2025-04-04T22:05:55.860Z - INFO: Mapped {/api/v1/em/teams/:teamId/invitations/:id, DELETE} route
2025-04-04T22:05:55.860Z - INFO: TeamsController {/api/v1/em/teams}:
2025-04-04T22:05:55.861Z - INFO: Mapped {/api/v1/em/teams, POST} route
2025-04-04T22:05:55.861Z - INFO: Mapped {/api/v1/em/teams, GET} route
2025-04-04T22:05:55.861Z - INFO: Mapped {/api/v1/em/teams/:id, GET} route
2025-04-04T22:05:55.862Z - INFO: Mapped {/api/v1/em/teams/:id, PATCH} route
2025-04-04T22:05:55.862Z - INFO: Mapped {/api/v1/em/teams/:id, DELETE} route
2025-04-04T22:05:55.863Z - INFO: TasksController {/api/v1/em/events/:eventId/tasks}:
2025-04-04T22:05:55.863Z - INFO: Mapped {/api/v1/em/events/:eventId/tasks, POST} route
2025-04-04T22:05:55.864Z - INFO: Mapped {/api/v1/em/events/:eventId/tasks, GET} route
2025-04-04T22:05:55.864Z - INFO: Mapped {/api/v1/em/events/:eventId/tasks/:id, GET} route
2025-04-04T22:05:55.865Z - INFO: Mapped {/api/v1/em/events/:eventId/tasks/:id, PATCH} route
2025-04-04T22:05:55.865Z - INFO: Mapped {/api/v1/em/events/:eventId/tasks/:id, DELETE} route
2025-04-04T22:05:55.866Z - INFO: LineItemsController {/api/v1/em/events/:eventId/line-items}:
2025-04-04T22:05:55.867Z - INFO: Mapped {/api/v1/em/events/:eventId/line-items, POST} route
2025-04-04T22:05:55.867Z - INFO: Mapped {/api/v1/em/events/:eventId/line-items/budget/analytics, GET} route
2025-04-04T22:05:55.868Z - INFO: Mapped {/api/v1/em/events/:eventId/line-items, GET} route
2025-04-04T22:05:55.868Z - INFO: Mapped {/api/v1/em/events/:eventId/line-items/categories/all, GET} route
2025-04-04T22:05:55.869Z - INFO: Mapped {/api/v1/em/events/:eventId/line-items/:id, GET} route
2025-04-04T22:05:55.869Z - INFO: Mapped {/api/v1/em/events/:eventId/line-items/:id, PATCH} route
2025-04-04T22:05:55.869Z - INFO: Mapped {/api/v1/em/events/:eventId/line-items/:id, DELETE} route
2025-04-04T22:05:55.870Z - INFO: OrganizerDashboardController {/api/v1/em}:
2025-04-04T22:05:55.870Z - INFO: Mapped {/api/v1/em/organizer-dashboard, GET} route
2025-04-04T22:05:55.870Z - INFO: EventAnalyticsController {/api/v1/em}:
2025-04-04T22:05:55.871Z - INFO: Mapped {/api/v1/em/event-analytics/:eventId, GET} route
2025-04-04T22:05:55.871Z - INFO: GeneralEventAnalyticsController {/api/v1/em}:
2025-04-04T22:05:55.872Z - INFO: Mapped {/api/v1/em/general-event-analytics, GET} route
2025-04-04T22:05:55.872Z - INFO: MarketplaceController {/api/v1/em/marketplace}:
2025-04-04T22:05:55.872Z - INFO: Mapped {/api/v1/em/marketplace/find-events, GET} route
2025-04-04T22:05:55.873Z - INFO: Mapped {/api/v1/em/marketplace/find-top-events, GET} route
2025-04-04T22:05:55.873Z - INFO: NewsletterController {/api/v1/em/newsletter}:
2025-04-04T22:05:55.873Z - INFO: Mapped {/api/v1/em/newsletter, POST} route
2025-04-04T22:05:55.874Z - INFO: Mapped {/api/v1/em/newsletter, GET} route
2025-04-04T22:05:55.874Z - INFO: Mapped {/api/v1/em/newsletter/:id, GET} route
2025-04-04T22:05:55.874Z - INFO: Mapped {/api/v1/em/newsletter/:id, PATCH} route
2025-04-04T22:05:55.875Z - INFO: Mapped {/api/v1/em/newsletter/:id, DELETE} route
2025-04-04T22:05:55.875Z - INFO: SubscribersController {/api/v1/em/subscribers}:
2025-04-04T22:05:55.875Z - INFO: Mapped {/api/v1/em/subscribers, POST} route
2025-04-04T22:05:55.876Z - INFO: Mapped {/api/v1/em/subscribers, PATCH} route
2025-04-04T22:05:55.876Z - INFO: BookingsController {/api/v1/em}:
2025-04-04T22:05:55.876Z - INFO: Mapped {/api/v1/em/events/:eventId/bookings, POST} route
2025-04-04T22:05:55.877Z - INFO: Mapped {/api/v1/em/events/:eventId/bookings/process, POST} route
2025-04-04T22:05:55.877Z - INFO: Mapped {/api/v1/em/bookings, GET} route
2025-04-04T22:05:55.878Z - INFO: Mapped {/api/v1/em/bookings/:id, GET} route
2025-04-04T22:05:55.878Z - INFO: Mapped {/api/v1/em/bookings/:id, DELETE} route
2025-04-04T22:05:55.878Z - INFO: Mapped {/api/v1/em/bookings/transfer, POST} route
2025-04-04T22:05:55.879Z - INFO: Mapped {/api/v1/em/bookings/update-rsvp, PATCH} route
2025-04-04T22:05:55.879Z - INFO: Mapped {/api/v1/em/bookings/complimentary, POST} route
2025-04-04T22:05:55.880Z - INFO: Mapped {/api/v1/em/bookings/verify, POST} route
2025-04-04T22:05:55.880Z - INFO: BookingsTransactionsController {/api/v1/em/bookings-transactions}:
2025-04-04T22:05:55.881Z - INFO: Mapped {/api/v1/em/bookings-transactions, POST} route
2025-04-04T22:05:55.881Z - INFO: Mapped {/api/v1/em/bookings-transactions, GET} route
2025-04-04T22:05:55.882Z - INFO: Mapped {/api/v1/em/bookings-transactions/:id, GET} route
2025-04-04T22:05:55.882Z - INFO: Mapped {/api/v1/em/bookings-transactions/:id, PATCH} route
2025-04-04T22:05:55.883Z - INFO: Mapped {/api/v1/em/bookings-transactions/:id, DELETE} route
2025-04-04T22:05:55.883Z - INFO: AttendeeDashboardController {/api/v1/em/attendee-dashboard}:
2025-04-04T22:05:55.883Z - INFO: Mapped {/api/v1/em/attendee-dashboard, GET} route
2025-04-04T22:05:55.884Z - INFO: GuestsController {/api/v1/em}:
2025-04-04T22:05:55.884Z - INFO: Mapped {/api/v1/em/events/:eventId/guests, GET} route
2025-04-04T22:05:55.884Z - INFO: Mapped {/api/v1/em/guests/:bookingId, GET} route
2025-04-04T22:05:55.885Z - INFO: Mapped {/api/v1/em/events/:eventId/guests/broadcast, POST} route
2025-04-04T22:05:55.885Z - INFO: Mapped {/api/v1/em/events/:eventId/guests/check, POST} route
2025-04-04T22:05:55.885Z - INFO: AdminDashboardController {/api/v1/em/admin/dashboard}:
2025-04-04T22:05:55.886Z - INFO: Mapped {/api/v1/em/admin/dashboard/active-users-chart, GET} route
2025-04-04T22:05:55.886Z - INFO: Mapped {/api/v1/em/admin/dashboard/analytics, GET} route
2025-04-04T22:05:55.887Z - INFO: SystemRegisterController {/api/v1/em/system-register}:
2025-04-04T22:05:55.887Z - INFO: Mapped {/api/v1/em/system-register, POST} route
2025-04-04T22:05:55.888Z - INFO: Mapped {/api/v1/em/system-register, GET} route
2025-04-04T22:05:55.888Z - INFO: Mapped {/api/v1/em/system-register/:id, GET} route
2025-04-04T22:05:55.889Z - INFO: Mapped {/api/v1/em/system-register/:id, PATCH} route
2025-04-04T22:05:55.889Z - INFO: Mapped {/api/v1/em/system-register/:id, DELETE} route
2025-04-04T22:05:55.889Z - INFO: AdminManagementController {/api/v1/em/admin-management}:
2025-04-04T22:05:55.890Z - INFO: Mapped {/api/v1/em/admin-management/get-all-users, GET} route
2025-04-04T22:05:55.890Z - INFO: Mapped {/api/v1/em/admin-management/user-stats, GET} route
2025-04-04T22:05:55.890Z - INFO: Mapped {/api/v1/em/admin-management/:id, GET} route
2025-04-04T22:05:55.891Z - INFO: Mapped {/api/v1/em/admin-management/export-all-users, POST} route
2025-04-04T22:05:55.891Z - INFO: Mapped {/api/v1/em/admin-management/:id/block-user, POST} route
2025-04-04T22:05:55.892Z - INFO: Mapped {/api/v1/em/admin-management/:id/unblock-user, POST} route
2025-04-04T22:05:55.892Z - INFO: EventManagementController {/api/v1/em/admin/events}:
2025-04-04T22:05:55.892Z - INFO: Mapped {/api/v1/em/admin/events, GET} route
2025-04-04T22:05:55.893Z - INFO: Mapped {/api/v1/em/admin/events/export, POST} route
2025-04-04T22:05:55.893Z - INFO: SubscribersManagementController {/api/v1/em/admin/subscribers}:
2025-04-04T22:05:55.893Z - INFO: Mapped {/api/v1/em/admin/subscribers, GET} route
2025-04-04T22:05:55.893Z - INFO: Mapped {/api/v1/em/admin/subscribers/:id, GET} route
2025-04-04T22:05:55.894Z - INFO: Mapped {/api/v1/em/admin/subscribers/export, POST} route
2025-04-04T22:05:55.894Z - INFO: Mapped {/api/v1/em/admin/subscribers/:id, DELETE} route
2025-04-04T22:05:55.921Z - INFO: Nest application successfully started
2025-04-04T22:06:37.866Z - INFO: Starting Nest application...
2025-04-04T22:06:37.904Z - INFO: TypeOrmModule dependencies initialized
2025-04-04T22:06:37.904Z - INFO: MulterModule dependencies initialized
2025-04-04T22:06:37.906Z - INFO: ConfigHostModule dependencies initialized
2025-04-04T22:06:37.907Z - INFO: NewsletterModule dependencies initialized
2025-04-04T22:06:37.907Z - INFO: BookingsTransactionsModule dependencies initialized
2025-04-04T22:06:37.908Z - INFO: SystemRegisterModule dependencies initialized
2025-04-04T22:06:37.908Z - INFO: DiscoveryModule dependencies initialized
2025-04-04T22:06:37.909Z - INFO: ConfigModule dependencies initialized
2025-04-04T22:06:37.909Z - INFO: ConfigModule dependencies initialized
2025-04-04T22:06:37.910Z - INFO: ScheduleModule dependencies initialized
2025-04-04T22:06:37.911Z - INFO: EventEmitterModule dependencies initialized
2025-04-04T22:06:37.963Z - INFO: CacheModule dependencies initialized
2025-04-04T22:06:38.294Z - INFO: TypeOrmCoreModule dependencies initialized
2025-04-04T22:06:38.295Z - INFO: TypeOrmModule dependencies initialized
2025-04-04T22:06:38.295Z - INFO: TypeOrmModule dependencies initialized
2025-04-04T22:06:38.295Z - INFO: TypeOrmModule dependencies initialized
2025-04-04T22:06:38.296Z - INFO: TypeOrmModule dependencies initialized
2025-04-04T22:06:38.296Z - INFO: TypeOrmModule dependencies initialized
2025-04-04T22:06:38.296Z - INFO: TypeOrmModule dependencies initialized
2025-04-04T22:06:38.296Z - INFO: TypeOrmModule dependencies initialized
2025-04-04T22:06:38.297Z - INFO: TypeOrmModule dependencies initialized
2025-04-04T22:06:38.297Z - INFO: TypeOrmModule dependencies initialized
2025-04-04T22:06:38.297Z - INFO: TypeOrmModule dependencies initialized
2025-04-04T22:06:38.298Z - INFO: PaginationModule dependencies initialized
2025-04-04T22:06:38.298Z - INFO: TypeOrmModule dependencies initialized
2025-04-04T22:06:38.298Z - INFO: TypeOrmModule dependencies initialized
2025-04-04T22:06:38.298Z - INFO: TypeOrmModule dependencies initialized
2025-04-04T22:06:38.298Z - INFO: TypeOrmModule dependencies initialized
2025-04-04T22:06:38.299Z - INFO: TypeOrmModule dependencies initialized
2025-04-04T22:06:38.300Z - INFO: AppModule dependencies initialized
2025-04-04T22:06:38.301Z - INFO: UsersModule dependencies initialized
2025-04-04T22:06:38.303Z - INFO: EventsListenerModule dependencies initialized
2025-04-04T22:06:38.305Z - INFO: SubscribersModule dependencies initialized
2025-04-04T22:06:38.308Z - INFO: OrganizerDashboardModule dependencies initialized
2025-04-04T22:06:38.308Z - INFO: GeneralEventAnalyticsModule dependencies initialized
2025-04-04T22:06:38.309Z - INFO: AdminDashboardModule dependencies initialized
2025-04-04T22:06:38.309Z - INFO: EventManagementModule dependencies initialized
2025-04-04T22:06:38.309Z - INFO: AttendeeDashboardModule dependencies initialized
2025-04-04T22:06:38.310Z - INFO: PermissionsModule dependencies initialized
2025-04-04T22:06:38.310Z - INFO: TeamMembersModule dependencies initialized
2025-04-04T22:06:38.310Z - INFO: TeamInvitationsModule dependencies initialized
2025-04-04T22:06:38.311Z - INFO: EventAnalyticsModule dependencies initialized
2025-04-04T22:06:38.311Z - INFO: GuestsModule dependencies initialized
2025-04-04T22:06:38.311Z - INFO: SubscribersManagementModule dependencies initialized
2025-04-04T22:06:38.312Z - INFO: MarketplaceModule dependencies initialized
2025-04-04T22:06:38.313Z - INFO: TasksModule dependencies initialized
2025-04-04T22:06:38.313Z - INFO: LineItemsModule dependencies initialized
2025-04-04T22:06:38.313Z - INFO: AdminManagementModule dependencies initialized
2025-04-04T22:06:38.313Z - INFO: TransactionsModule dependencies initialized
2025-04-04T22:06:38.314Z - INFO: PaymentModule dependencies initialized
2025-04-04T22:06:38.314Z - INFO: TeamsModule dependencies initialized
2025-04-04T22:06:38.314Z - INFO: BookingsModule dependencies initialized
2025-04-04T22:06:38.315Z - INFO: EventsModule dependencies initialized
2025-04-04T22:06:38.315Z - INFO: TicketsModule dependencies initialized
2025-04-04T22:06:38.329Z - INFO: EventsController {/api/v1/em/events}:
2025-04-04T22:06:38.333Z - INFO: Mapped {/api/v1/em/events/user-onboarded-status, GET} route
2025-04-04T22:06:38.335Z - INFO: Mapped {/api/v1/em/events, POST} route
2025-04-04T22:06:38.335Z - INFO: Mapped {/api/v1/em/events, GET} route
2025-04-04T22:06:38.336Z - INFO: Mapped {/api/v1/em/events/:id, GET} route
2025-04-04T22:06:38.337Z - INFO: Mapped {/api/v1/em/events/:id/soft-deleted-event, GET} route
2025-04-04T22:06:38.337Z - INFO: Mapped {/api/v1/em/events/:slug/attendee, GET} route
2025-04-04T22:06:38.338Z - INFO: Mapped {/api/v1/em/events/:id, PATCH} route
2025-04-04T22:06:38.338Z - INFO: Mapped {/api/v1/em/events/:id, DELETE} route
2025-04-04T22:06:38.339Z - INFO: Mapped {/api/v1/em/events/restore/:id, GET} route
2025-04-04T22:06:38.340Z - INFO: Mapped {/api/v1/em/events/:id/team, POST} route
2025-04-04T22:06:38.340Z - INFO: Mapped {/api/v1/em/events/:id/team/remove, POST} route
2025-04-04T22:06:38.341Z - INFO: PaymentController {/api/v1/em/payment}:
2025-04-04T22:06:38.341Z - INFO: Mapped {/api/v1/em/payment/create-sessions, POST} route
2025-04-04T22:06:38.341Z - INFO: Mapped {/api/v1/em/payment/create-subscription, POST} route
2025-04-04T22:06:38.342Z - INFO: Mapped {/api/v1/em/payment/cancel-subscription, POST} route
2025-04-04T22:06:38.342Z - INFO: Mapped {/api/v1/em/payment/stripe-webhooks, POST} route
2025-04-04T22:06:38.343Z - INFO: Mapped {/api/v1/em/payment/express-dashboard, GET} route
2025-04-04T22:06:38.343Z - INFO: Mapped {/api/v1/em/payment/fees, POST} route
2025-04-04T22:06:38.344Z - INFO: Mapped {/api/v1/em/payment/refund, POST} route
2025-04-04T22:06:38.344Z - INFO: TransactionsController {/api/v1/em/transactions}:
2025-04-04T22:06:38.344Z - INFO: Mapped {/api/v1/em/transactions, GET} route
2025-04-04T22:06:38.344Z - INFO: Mapped {/api/v1/em/transactions/:transactionId, GET} route
2025-04-04T22:06:38.345Z - INFO: PermissionsController {/api/v1/em}:
2025-04-04T22:06:38.345Z - INFO: Mapped {/api/v1/em/permissions, POST} route
2025-04-04T22:06:38.345Z - INFO: Mapped {/api/v1/em/teams/:teamId/team-members/:memberId, GET} route
2025-04-04T22:06:38.346Z - INFO: Mapped {/api/v1/em/permissions, DELETE} route
2025-04-04T22:06:38.346Z - INFO: TicketsController {/api/v1/em/tickets}:
2025-04-04T22:06:38.347Z - INFO: Mapped {/api/v1/em/tickets, POST} route
2025-04-04T22:06:38.347Z - INFO: Mapped {/api/v1/em/tickets/:id, GET} route
2025-04-04T22:06:38.347Z - INFO: Mapped {/api/v1/em/tickets, GET} route
2025-04-04T22:06:38.348Z - INFO: Mapped {/api/v1/em/tickets/:id, PATCH} route
2025-04-04T22:06:38.348Z - INFO: Mapped {/api/v1/em/tickets/:id, DELETE} route
2025-04-04T22:06:38.348Z - INFO: TeamMembersController {/api/v1/em/teams/:teamId/members}:
2025-04-04T22:06:38.349Z - INFO: Mapped {/api/v1/em/teams/:teamId/members, GET} route
2025-04-04T22:06:38.349Z - INFO: Mapped {/api/v1/em/teams/:teamId/members/:id, GET} route
2025-04-04T22:06:38.350Z - INFO: Mapped {/api/v1/em/teams/:teamId/members/:id, PATCH} route
2025-04-04T22:06:38.350Z - INFO: Mapped {/api/v1/em/teams/:teamId/members/:id, DELETE} route
2025-04-04T22:06:38.351Z - INFO: TeamInvitationsController {/api/v1/em}:
2025-04-04T22:06:38.351Z - INFO: Mapped {/api/v1/em/teams/:teamId/invitations, POST} route
2025-04-04T22:06:38.351Z - INFO: Mapped {/api/v1/em/teams/:teamId/invitations, GET} route
2025-04-04T22:06:38.352Z - INFO: Mapped {/api/v1/em/teams/:teamId/invitations/:id, GET} route
2025-04-04T22:06:38.352Z - INFO: Mapped {/api/v1/em/teams/:teamId/invitations/resend, POST} route
2025-04-04T22:06:38.352Z - INFO: Mapped {/api/v1/em/invitations/respond, POST} route
2025-04-04T22:06:38.353Z - INFO: Mapped {/api/v1/em/invitations/details-by-token/:token, GET} route
2025-04-04T22:06:38.353Z - INFO: Mapped {/api/v1/em/teams/:teamId/invitations/:id, DELETE} route
2025-04-04T22:06:38.353Z - INFO: TeamsController {/api/v1/em/teams}:
2025-04-04T22:06:38.354Z - INFO: Mapped {/api/v1/em/teams, POST} route
2025-04-04T22:06:38.354Z - INFO: Mapped {/api/v1/em/teams, GET} route
2025-04-04T22:06:38.354Z - INFO: Mapped {/api/v1/em/teams/:id, GET} route
2025-04-04T22:06:38.355Z - INFO: Mapped {/api/v1/em/teams/:id, PATCH} route
2025-04-04T22:06:38.355Z - INFO: Mapped {/api/v1/em/teams/:id, DELETE} route
2025-04-04T22:06:38.355Z - INFO: TasksController {/api/v1/em/events/:eventId/tasks}:
2025-04-04T22:06:38.356Z - INFO: Mapped {/api/v1/em/events/:eventId/tasks, POST} route
2025-04-04T22:06:38.356Z - INFO: Mapped {/api/v1/em/events/:eventId/tasks, GET} route
2025-04-04T22:06:38.356Z - INFO: Mapped {/api/v1/em/events/:eventId/tasks/:id, GET} route
2025-04-04T22:06:38.357Z - INFO: Mapped {/api/v1/em/events/:eventId/tasks/:id, PATCH} route
2025-04-04T22:06:38.357Z - INFO: Mapped {/api/v1/em/events/:eventId/tasks/:id, DELETE} route
2025-04-04T22:06:38.357Z - INFO: LineItemsController {/api/v1/em/events/:eventId/line-items}:
2025-04-04T22:06:38.358Z - INFO: Mapped {/api/v1/em/events/:eventId/line-items, POST} route
2025-04-04T22:06:38.358Z - INFO: Mapped {/api/v1/em/events/:eventId/line-items/budget/analytics, GET} route
2025-04-04T22:06:38.359Z - INFO: Mapped {/api/v1/em/events/:eventId/line-items, GET} route
2025-04-04T22:06:38.359Z - INFO: Mapped {/api/v1/em/events/:eventId/line-items/categories/all, GET} route
2025-04-04T22:06:38.359Z - INFO: Mapped {/api/v1/em/events/:eventId/line-items/:id, GET} route
2025-04-04T22:06:38.359Z - INFO: Mapped {/api/v1/em/events/:eventId/line-items/:id, PATCH} route
2025-04-04T22:06:38.360Z - INFO: Mapped {/api/v1/em/events/:eventId/line-items/:id, DELETE} route
2025-04-04T22:06:38.360Z - INFO: OrganizerDashboardController {/api/v1/em}:
2025-04-04T22:06:38.360Z - INFO: Mapped {/api/v1/em/organizer-dashboard, GET} route
2025-04-04T22:06:38.360Z - INFO: EventAnalyticsController {/api/v1/em}:
2025-04-04T22:06:38.361Z - INFO: Mapped {/api/v1/em/event-analytics/:eventId, GET} route
2025-04-04T22:06:38.361Z - INFO: GeneralEventAnalyticsController {/api/v1/em}:
2025-04-04T22:06:38.362Z - INFO: Mapped {/api/v1/em/general-event-analytics, GET} route
2025-04-04T22:06:38.362Z - INFO: MarketplaceController {/api/v1/em/marketplace}:
2025-04-04T22:06:38.362Z - INFO: Mapped {/api/v1/em/marketplace/find-events, GET} route
2025-04-04T22:06:38.363Z - INFO: Mapped {/api/v1/em/marketplace/find-top-events, GET} route
2025-04-04T22:06:38.363Z - INFO: NewsletterController {/api/v1/em/newsletter}:
2025-04-04T22:06:38.363Z - INFO: Mapped {/api/v1/em/newsletter, POST} route
2025-04-04T22:06:38.364Z - INFO: Mapped {/api/v1/em/newsletter, GET} route
2025-04-04T22:06:38.364Z - INFO: Mapped {/api/v1/em/newsletter/:id, GET} route
2025-04-04T22:06:38.364Z - INFO: Mapped {/api/v1/em/newsletter/:id, PATCH} route
2025-04-04T22:06:38.365Z - INFO: Mapped {/api/v1/em/newsletter/:id, DELETE} route
2025-04-04T22:06:38.365Z - INFO: SubscribersController {/api/v1/em/subscribers}:
2025-04-04T22:06:38.365Z - INFO: Mapped {/api/v1/em/subscribers, POST} route
2025-04-04T22:06:38.365Z - INFO: Mapped {/api/v1/em/subscribers, PATCH} route
2025-04-04T22:06:38.366Z - INFO: BookingsController {/api/v1/em}:
2025-04-04T22:06:38.366Z - INFO: Mapped {/api/v1/em/events/:eventId/bookings, POST} route
2025-04-04T22:06:38.367Z - INFO: Mapped {/api/v1/em/events/:eventId/bookings/process, POST} route
2025-04-04T22:06:38.367Z - INFO: Mapped {/api/v1/em/bookings, GET} route
2025-04-04T22:06:38.367Z - INFO: Mapped {/api/v1/em/bookings/:id, GET} route
2025-04-04T22:06:38.368Z - INFO: Mapped {/api/v1/em/bookings/:id, DELETE} route
2025-04-04T22:06:38.368Z - INFO: Mapped {/api/v1/em/bookings/transfer, POST} route
2025-04-04T22:06:38.368Z - INFO: Mapped {/api/v1/em/bookings/update-rsvp, PATCH} route
2025-04-04T22:06:38.369Z - INFO: Mapped {/api/v1/em/bookings/complimentary, POST} route
2025-04-04T22:06:38.369Z - INFO: Mapped {/api/v1/em/bookings/verify, POST} route
2025-04-04T22:06:38.369Z - INFO: BookingsTransactionsController {/api/v1/em/bookings-transactions}:
2025-04-04T22:06:38.369Z - INFO: Mapped {/api/v1/em/bookings-transactions, POST} route
2025-04-04T22:06:38.370Z - INFO: Mapped {/api/v1/em/bookings-transactions, GET} route
2025-04-04T22:06:38.370Z - INFO: Mapped {/api/v1/em/bookings-transactions/:id, GET} route
2025-04-04T22:06:38.370Z - INFO: Mapped {/api/v1/em/bookings-transactions/:id, PATCH} route
2025-04-04T22:06:38.371Z - INFO: Mapped {/api/v1/em/bookings-transactions/:id, DELETE} route
2025-04-04T22:06:38.371Z - INFO: AttendeeDashboardController {/api/v1/em/attendee-dashboard}:
2025-04-04T22:06:38.371Z - INFO: Mapped {/api/v1/em/attendee-dashboard, GET} route
2025-04-04T22:06:38.371Z - INFO: GuestsController {/api/v1/em}:
2025-04-04T22:06:38.372Z - INFO: Mapped {/api/v1/em/events/:eventId/guests, GET} route
2025-04-04T22:06:38.372Z - INFO: Mapped {/api/v1/em/guests/:bookingId, GET} route
2025-04-04T22:06:38.372Z - INFO: Mapped {/api/v1/em/events/:eventId/guests/broadcast, POST} route
2025-04-04T22:06:38.373Z - INFO: Mapped {/api/v1/em/events/:eventId/guests/check, POST} route
2025-04-04T22:06:38.373Z - INFO: AdminDashboardController {/api/v1/em/admin/dashboard}:
2025-04-04T22:06:38.373Z - INFO: Mapped {/api/v1/em/admin/dashboard/active-users-chart, GET} route
2025-04-04T22:06:38.373Z - INFO: Mapped {/api/v1/em/admin/dashboard/analytics, GET} route
2025-04-04T22:06:38.374Z - INFO: SystemRegisterController {/api/v1/em/system-register}:
2025-04-04T22:06:38.374Z - INFO: Mapped {/api/v1/em/system-register, POST} route
2025-04-04T22:06:38.374Z - INFO: Mapped {/api/v1/em/system-register, GET} route
2025-04-04T22:06:38.374Z - INFO: Mapped {/api/v1/em/system-register/:id, GET} route
2025-04-04T22:06:38.375Z - INFO: Mapped {/api/v1/em/system-register/:id, PATCH} route
2025-04-04T22:06:38.375Z - INFO: Mapped {/api/v1/em/system-register/:id, DELETE} route
2025-04-04T22:06:38.375Z - INFO: AdminManagementController {/api/v1/em/admin-management}:
2025-04-04T22:06:38.375Z - INFO: Mapped {/api/v1/em/admin-management/get-all-users, GET} route
2025-04-04T22:06:38.376Z - INFO: Mapped {/api/v1/em/admin-management/user-stats, GET} route
2025-04-04T22:06:38.376Z - INFO: Mapped {/api/v1/em/admin-management/:id, GET} route
2025-04-04T22:06:38.376Z - INFO: Mapped {/api/v1/em/admin-management/export-all-users, POST} route
2025-04-04T22:06:38.377Z - INFO: Mapped {/api/v1/em/admin-management/:id/block-user, POST} route
2025-04-04T22:06:38.377Z - INFO: Mapped {/api/v1/em/admin-management/:id/unblock-user, POST} route
2025-04-04T22:06:38.377Z - INFO: EventManagementController {/api/v1/em/admin/events}:
2025-04-04T22:06:38.378Z - INFO: Mapped {/api/v1/em/admin/events, GET} route
2025-04-04T22:06:38.378Z - INFO: Mapped {/api/v1/em/admin/events/export, POST} route
2025-04-04T22:06:38.379Z - INFO: SubscribersManagementController {/api/v1/em/admin/subscribers}:
2025-04-04T22:06:38.379Z - INFO: Mapped {/api/v1/em/admin/subscribers, GET} route
2025-04-04T22:06:38.379Z - INFO: Mapped {/api/v1/em/admin/subscribers/:id, GET} route
2025-04-04T22:06:38.379Z - INFO: Mapped {/api/v1/em/admin/subscribers/export, POST} route
2025-04-04T22:06:38.380Z - INFO: Mapped {/api/v1/em/admin/subscribers/:id, DELETE} route
2025-04-04T22:06:38.403Z - INFO: Nest application successfully started
